grupo_id;entidade_id;papel_no_grupo;nivel_membro;vinculo_direto_ou_indireto;entidade_ponte;caminho_vinculo;profundidade;confianca_inclusao;relevancia_economica;codigos_regras;arquivos_fonte;data_inicio;data_fim;requer_revisao;justificativa_textual
G00001;PF:90000000175;FILHO;CORE;DIRETO;PFX:156bd2f2b9d738|PFX:1b2b8f9fb9616c;"PF:90000000175->FILHO_DE->PFX:156bd2f2b9d738;PF:90000000175->FILHO_DE->PFX:1b2b8f9fb9616c";1;82;80;FAM_PAI_DECLARADO|FAM_MAE_DECLARADA;stg_pessoa_fisica_atual_202606191707.csv;;;false;Filho direto do par parental.
G00001;PF:90000000680;FILHO;CORE;DIRETO;PFX:156bd2f2b9d738|PFX:1b2b8f9fb9616c;"PF:90000000680->FILHO_DE->PFX:156bd2f2b9d738;PF:90000000680->FILHO_DE->PFX:1b2b8f9fb9616c";1;82;80;FAM_PAI_DECLARADO|FAM_MAE_DECLARADA;stg_pessoa_fisica_atual_202606191707.csv;;;false;Filho direto do par parental.
G00001;PFX:156bd2f2b9d738;PAI;CORE;DIRETO;;PFX:156bd2f2b9d738;0;85;85;FAM_PAI_DECLARADO;stg_pessoa_fisica_atual_202606191707.csv;;;false;Pai do nucleo por filiacao declarada.
G00001;PFX:1b2b8f9fb9616c;MAE;CORE;DIRETO;;PFX:1b2b8f9fb9616c;0;85;85;FAM_MAE_DECLARADA;stg_pessoa_fisica_atual_202606191707.csv;;;false;Mae do nucleo por filiacao declarada.
G00002;PFX:156bd2f2b9d738;PAI_REFERENCIA;ASSOCIADO;DIRETO;;PFX:156bd2f2b9d738;0;80;45;FAM_IRMAOS_DOIS_PAIS;stg_pessoa_fisica_atual_202606191707.csv;;;false;Pai usado como referencia do grupo de irmaos.
G00002;PFX:1b2b8f9fb9616c;MAE_REFERENCIA;ASSOCIADO;DIRETO;;PFX:1b2b8f9fb9616c;0;80;45;FAM_IRMAOS_DOIS_PAIS;stg_pessoa_fisica_atual_202606191707.csv;;;false;Mae usada como referencia do grupo de irmaos.
G00002;PF:90000000175;IRMAO_COMPLETO;CORE;DIRETO;PFX:156bd2f2b9d738|PFX:1b2b8f9fb9616c;"PF:90000000175->FILHO_DE->PFX:156bd2f2b9d738;PF:90000000175->FILHO_DE->PFX:1b2b8f9fb9616c";1;82;65;FAM_IRMAOS_DOIS_PAIS;stg_pessoa_fisica_atual_202606191707.csv;;;false;Mesmo pai e mesma mae resolvidos.
G00002;PF:90000000680;IRMAO_COMPLETO;CORE;DIRETO;PFX:156bd2f2b9d738|PFX:1b2b8f9fb9616c;"PF:90000000680->FILHO_DE->PFX:156bd2f2b9d738;PF:90000000680->FILHO_DE->PFX:1b2b8f9fb9616c";1;82;65;FAM_IRMAOS_DOIS_PAIS;stg_pessoa_fisica_atual_202606191707.csv;;;false;Mesmo pai e mesma mae resolvidos.
G00003;PF:90000000256;FILHO;CORE;DIRETO;PFX:dcdcb41545027c|PFX:c57abe4f951f2a;"PF:90000000256->FILHO_DE->PFX:dcdcb41545027c;PF:90000000256->FILHO_DE->PFX:c57abe4f951f2a";1;82;80;FAM_PAI_DECLARADO|FAM_MAE_DECLARADA;stg_pessoa_fisica_atual_202606191707.csv;;;false;Filho direto do par parental.
G00003;PFX:c57abe4f951f2a;MAE;CORE;DIRETO;;PFX:c57abe4f951f2a;0;85;85;FAM_MAE_DECLARADA;stg_pessoa_fisica_atual_202606191707.csv;;;false;Mae do nucleo por filiacao declarada.
G00003;PFX:dcdcb41545027c;PAI;CORE;DIRETO;;PFX:dcdcb41545027c;0;85;85;FAM_PAI_DECLARADO;stg_pessoa_fisica_atual_202606191707.csv;;;false;Pai do nucleo por filiacao declarada.
G00004;PF:90000000175;PAI;CORE;DIRETO;;PF:90000000175;0;85;85;FAM_PAI_DECLARADO;stg_pessoa_fisica_atual_202606191707.csv;;;false;Pai do nucleo por filiacao declarada.
G00004;PF:90000000256;MAE;CORE;DIRETO;;PF:90000000256;0;85;85;FAM_MAE_DECLARADA;stg_pessoa_fisica_atual_202606191707.csv;;;false;Mae do nucleo por filiacao declarada.
G00004;PF:90000000337;FILHO;CORE;DIRETO;PF:90000000175|PF:90000000256;"PF:90000000337->FILHO_DE->PF:90000000175;PF:90000000337->FILHO_DE->PF:90000000256";1;82;80;FAM_PAI_DECLARADO|FAM_MAE_DECLARADA;stg_pessoa_fisica_atual_202606191707.csv;;;false;Filho direto do par parental.
G00004;PF:90000000418;FILHO;CORE;DIRETO;PF:90000000175|PF:90000000256;"PF:90000000418->FILHO_DE->PF:90000000175;PF:90000000418->FILHO_DE->PF:90000000256";1;82;80;FAM_PAI_DECLARADO|FAM_MAE_DECLARADA;stg_pessoa_fisica_atual_202606191707.csv;;;false;Filho direto do par parental.
G00005;PF:90000000175;PAI_REFERENCIA;ASSOCIADO;DIRETO;;PF:90000000175;0;80;45;FAM_IRMAOS_DOIS_PAIS;stg_pessoa_fisica_atual_202606191707.csv;;;false;Pai usado como referencia do grupo de irmaos.
G00005;PF:90000000256;MAE_REFERENCIA;ASSOCIADO;DIRETO;;PF:90000000256;0;80;45;FAM_IRMAOS_DOIS_PAIS;stg_pessoa_fisica_atual_202606191707.csv;;;false;Mae usada como referencia do grupo de irmaos.
G00005;PF:90000000337;IRMAO_COMPLETO;CORE;DIRETO;PF:90000000175|PF:90000000256;"PF:90000000337->FILHO_DE->PF:90000000175;PF:90000000337->FILHO_DE->PF:90000000256";1;82;65;FAM_IRMAOS_DOIS_PAIS;stg_pessoa_fisica_atual_202606191707.csv;;;false;Mesmo pai e mesma mae resolvidos.
G00005;PF:90000000418;IRMAO_COMPLETO;CORE;DIRETO;PF:90000000175|PF:90000000256;"PF:90000000418->FILHO_DE->PF:90000000175;PF:90000000418->FILHO_DE->PF:90000000256";1;82;65;FAM_IRMAOS_DOIS_PAIS;stg_pessoa_fisica_atual_202606191707.csv;;;false;Mesmo pai e mesma mae resolvidos.
G00006;PF:90000000507;FILHO;CORE;DIRETO;PFX:aacc48e15aad5c|PFX:76285605ea752a;"PF:90000000507->FILHO_DE->PFX:aacc48e15aad5c;PF:90000000507->FILHO_DE->PFX:76285605ea752a";1;82;80;FAM_PAI_DECLARADO|FAM_MAE_DECLARADA;stg_pessoa_fisica_atual_202606191707.csv;;;false;Filho direto do par parental.
G00006;PFX:76285605ea752a;MAE;CORE;DIRETO;;PFX:76285605ea752a;0;85;85;FAM_MAE_DECLARADA;stg_pessoa_fisica_atual_202606191707.csv;;;false;Mae do nucleo por filiacao declarada.
G00006;PFX:aacc48e15aad5c;PAI;CORE;DIRETO;;PFX:aacc48e15aad5c;0;85;85;FAM_PAI_DECLARADO;stg_pessoa_fisica_atual_202606191707.csv;;;false;Pai do nucleo por filiacao declarada.
G00007;PF:90000000760;FILHO;CORE;DIRETO;PFX:14b88acec7d96e|PFX:ea6ae5047b60b5;"PF:90000000760->FILHO_DE->PFX:14b88acec7d96e;PF:90000000760->FILHO_DE->PFX:ea6ae5047b60b5";1;82;80;FAM_PAI_DECLARADO|FAM_MAE_DECLARADA;stg_pessoa_fisica_atual_202606191707.csv;;;false;Filho direto do par parental.
G00007;PFX:14b88acec7d96e;PAI;CORE;DIRETO;;PFX:14b88acec7d96e;0;85;85;FAM_PAI_DECLARADO;stg_pessoa_fisica_atual_202606191707.csv;;;false;Pai do nucleo por filiacao declarada.
G00007;PFX:ea6ae5047b60b5;MAE;CORE;DIRETO;;PFX:ea6ae5047b60b5;0;85;85;FAM_MAE_DECLARADA;stg_pessoa_fisica_atual_202606191707.csv;;;false;Mae do nucleo por filiacao declarada.
G00008;PF:90000000841;FILHO;CORE;DIRETO;PFX:266169c8b90e00|PFX:fcdad5fae862f7;"PF:90000000841->FILHO_DE->PFX:266169c8b90e00;PF:90000000841->FILHO_DE->PFX:fcdad5fae862f7";1;82;80;FAM_PAI_DECLARADO|FAM_MAE_DECLARADA;stg_pessoa_fisica_atual_202606191707.csv;;;false;Filho direto do par parental.
G00008;PFX:266169c8b90e00;PAI;CORE;DIRETO;;PFX:266169c8b90e00;0;85;85;FAM_PAI_DECLARADO;stg_pessoa_fisica_atual_202606191707.csv;;;false;Pai do nucleo por filiacao declarada.
G00008;PFX:fcdad5fae862f7;MAE;CORE;DIRETO;;PFX:fcdad5fae862f7;0;85;85;FAM_MAE_DECLARADA;stg_pessoa_fisica_atual_202606191707.csv;;;false;Mae do nucleo por filiacao declarada.
G00009;PF:90000000922;FILHO;CORE;DIRETO;PFX:ebb0c0133e0723|PFX:8c958677f2961d;"PF:90000000922->FILHO_DE->PFX:ebb0c0133e0723;PF:90000000922->FILHO_DE->PFX:8c958677f2961d";1;82;80;FAM_PAI_DECLARADO|FAM_MAE_DECLARADA;stg_pessoa_fisica_atual_202606191707.csv;;;false;Filho direto do par parental.
G00009;PFX:8c958677f2961d;MAE;CORE;DIRETO;;PFX:8c958677f2961d;0;85;85;FAM_MAE_DECLARADA;stg_pessoa_fisica_atual_202606191707.csv;;;false;Mae do nucleo por filiacao declarada.
G00009;PFX:ebb0c0133e0723;PAI;CORE;DIRETO;;PFX:ebb0c0133e0723;0;85;85;FAM_PAI_DECLARADO;stg_pessoa_fisica_atual_202606191707.csv;;;false;Pai do nucleo por filiacao declarada.
G00010;PF:90000001066;FILHO;CORE;DIRETO;PFX:24f6e395c74821|PFX:924f36839431d0;"PF:90000001066->FILHO_DE->PFX:24f6e395c74821;PF:90000001066->FILHO_DE->PFX:924f36839431d0";1;82;80;FAM_PAI_DECLARADO|FAM_MAE_DECLARADA;stg_pessoa_fisica_atual_202606191707.csv;;;false;Filho direto do par parental.
G00010;PFX:24f6e395c74821;PAI;CORE;DIRETO;;PFX:24f6e395c74821;0;85;85;FAM_PAI_DECLARADO;stg_pessoa_fisica_atual_202606191707.csv;;;false;Pai do nucleo por filiacao declarada.
G00010;PFX:924f36839431d0;MAE;CORE;DIRETO;;PFX:924f36839431d0;0;85;85;FAM_MAE_DECLARADA;stg_pessoa_fisica_atual_202606191707.csv;;;false;Mae do nucleo por filiacao declarada.
G00011;PF:90000001147;FILHO;CORE;DIRETO;PFX:3041a6306a4fbf|PFX:26e3e0b75ceee7;"PF:90000001147->FILHO_DE->PFX:3041a6306a4fbf;PF:90000001147->FILHO_DE->PFX:26e3e0b75ceee7";1;82;80;FAM_PAI_DECLARADO|FAM_MAE_DECLARADA;stg_pessoa_fisica_atual_202606191707.csv;;;false;Filho direto do par parental.
G00011;PFX:26e3e0b75ceee7;MAE;CORE;DIRETO;;PFX:26e3e0b75ceee7;0;85;85;FAM_MAE_DECLARADA;stg_pessoa_fisica_atual_202606191707.csv;;;false;Mae do nucleo por filiacao declarada.
G00011;PFX:3041a6306a4fbf;PAI;CORE;DIRETO;;PFX:3041a6306a4fbf;0;85;85;FAM_PAI_DECLARADO;stg_pessoa_fisica_atual_202606191707.csv;;;false;Pai do nucleo por filiacao declarada.
G00012;PF:90000001228;FILHO;CORE;DIRETO;PFX:7da71ea421c4bf|PFX:ab5c876101cdd1;"PF:90000001228->FILHO_DE->PFX:7da71ea421c4bf;PF:90000001228->FILHO_DE->PFX:ab5c876101cdd1";1;82;80;FAM_PAI_DECLARADO|FAM_MAE_DECLARADA;stg_pessoa_fisica_atual_202606191707.csv;;;false;Filho direto do par parental.
G00012;PFX:7da71ea421c4bf;PAI;CORE;DIRETO;;PFX:7da71ea421c4bf;0;85;85;FAM_PAI_DECLARADO;stg_pessoa_fisica_atual_202606191707.csv;;;false;Pai do nucleo por filiacao declarada.
G00012;PFX:ab5c876101cdd1;MAE;CORE;DIRETO;;PFX:ab5c876101cdd1;0;85;85;FAM_MAE_DECLARADA;stg_pessoa_fisica_atual_202606191707.csv;;;false;Mae do nucleo por filiacao declarada.
G00013;PF:90000001309;FILHO;CORE;DIRETO;PFX:8010bfff8fd00c|PFX:2365332cd07e04;"PF:90000001309->FILHO_DE->PFX:8010bfff8fd00c;PF:90000001309->FILHO_DE->PFX:2365332cd07e04";1;82;80;FAM_PAI_DECLARADO|FAM_MAE_DECLARADA;stg_pessoa_fisica_atual_202606191707.csv;;;false;Filho direto do par parental.
G00013;PFX:2365332cd07e04;MAE;CORE;DIRETO;;PFX:2365332cd07e04;0;85;85;FAM_MAE_DECLARADA;stg_pessoa_fisica_atual_202606191707.csv;;;false;Mae do nucleo por filiacao declarada.
G00013;PFX:8010bfff8fd00c;PAI;CORE;DIRETO;;PFX:8010bfff8fd00c;0;85;85;FAM_PAI_DECLARADO;stg_pessoa_fisica_atual_202606191707.csv;;;false;Pai do nucleo por filiacao declarada.
G00014;PF:90000001490;FILHO;CORE;DIRETO;PFX:15f28af0a886da|PFX:ad062547a9b00a;"PF:90000001490->FILHO_DE->PFX:15f28af0a886da;PF:90000001490->FILHO_DE->PFX:ad062547a9b00a";1;82;80;FAM_PAI_DECLARADO|FAM_MAE_DECLARADA;stg_pessoa_fisica_atual_202606191707.csv;;;false;Filho direto do par parental.
G00014;PFX:15f28af0a886da;PAI;CORE;DIRETO;;PFX:15f28af0a886da;0;85;85;FAM_PAI_DECLARADO;stg_pessoa_fisica_atual_202606191707.csv;;;false;Pai do nucleo por filiacao declarada.
G00014;PFX:ad062547a9b00a;MAE;CORE;DIRETO;;PFX:ad062547a9b00a;0;85;85;FAM_MAE_DECLARADA;stg_pessoa_fisica_atual_202606191707.csv;;;false;Mae do nucleo por filiacao declarada.
G00015;PF:90000001570;FILHO;CORE;DIRETO;PFX:b8ba95ff0d0365|PFX:8b7504b61d9532;"PF:90000001570->FILHO_DE->PFX:b8ba95ff0d0365;PF:90000001570->FILHO_DE->PFX:8b7504b61d9532";1;82;80;FAM_PAI_DECLARADO|FAM_MAE_DECLARADA;stg_pessoa_fisica_atual_202606191707.csv;;;false;Filho direto do par parental.
G00015;PF:90000001651;FILHO;CORE;DIRETO;PFX:b8ba95ff0d0365|PFX:8b7504b61d9532;"PF:90000001651->FILHO_DE->PFX:b8ba95ff0d0365;PF:90000001651->FILHO_DE->PFX:8b7504b61d9532";1;82;80;FAM_PAI_DECLARADO|FAM_MAE_DECLARADA;stg_pessoa_fisica_atual_202606191707.csv;;;false;Filho direto do par parental.
G00015;PFX:8b7504b61d9532;MAE;CORE;DIRETO;;PFX:8b7504b61d9532;0;85;85;FAM_MAE_DECLARADA;stg_pessoa_fisica_atual_202606191707.csv;;;false;Mae do nucleo por filiacao declarada.
G00015;PFX:b8ba95ff0d0365;PAI;CORE;DIRETO;;PFX:b8ba95ff0d0365;0;85;85;FAM_PAI_DECLARADO;stg_pessoa_fisica_atual_202606191707.csv;;;false;Pai do nucleo por filiacao declarada.
G00016;PFX:8b7504b61d9532;MAE_REFERENCIA;ASSOCIADO;DIRETO;;PFX:8b7504b61d9532;0;80;45;FAM_IRMAOS_DOIS_PAIS;stg_pessoa_fisica_atual_202606191707.csv;;;false;Mae usada como referencia do grupo de irmaos.
G00016;PFX:b8ba95ff0d0365;PAI_REFERENCIA;ASSOCIADO;DIRETO;;PFX:b8ba95ff0d0365;0;80;45;FAM_IRMAOS_DOIS_PAIS;stg_pessoa_fisica_atual_202606191707.csv;;;false;Pai usado como referencia do grupo de irmaos.
G00016;PF:90000001570;IRMAO_COMPLETO;CORE;DIRETO;PFX:b8ba95ff0d0365|PFX:8b7504b61d9532;"PF:90000001570->FILHO_DE->PFX:b8ba95ff0d0365;PF:90000001570->FILHO_DE->PFX:8b7504b61d9532";1;82;65;FAM_IRMAOS_DOIS_PAIS;stg_pessoa_fisica_atual_202606191707.csv;;;false;Mesmo pai e mesma mae resolvidos.
G00016;PF:90000001651;IRMAO_COMPLETO;CORE;DIRETO;PFX:b8ba95ff0d0365|PFX:8b7504b61d9532;"PF:90000001651->FILHO_DE->PFX:b8ba95ff0d0365;PF:90000001651->FILHO_DE->PFX:8b7504b61d9532";1;82;65;FAM_IRMAOS_DOIS_PAIS;stg_pessoa_fisica_atual_202606191707.csv;;;false;Mesmo pai e mesma mae resolvidos.
G00017;PF:90000001732;FILHO;CORE;DIRETO;PFX:5fcf5a6b59947e|PFX:362638b9f4ba51;"PF:90000001732->FILHO_DE->PFX:5fcf5a6b59947e;PF:90000001732->FILHO_DE->PFX:362638b9f4ba51";1;82;80;FAM_PAI_DECLARADO|FAM_MAE_DECLARADA;stg_pessoa_fisica_atual_202606191707.csv;;;false;Filho direto do par parental.
G00017;PF:90000001813;FILHO;CORE;DIRETO;PFX:5fcf5a6b59947e|PFX:362638b9f4ba51;"PF:90000001813->FILHO_DE->PFX:5fcf5a6b59947e;PF:90000001813->FILHO_DE->PFX:362638b9f4ba51";1;82;80;FAM_PAI_DECLARADO|FAM_MAE_DECLARADA;stg_pessoa_fisica_atual_202606191707.csv;;;false;Filho direto do par parental.
G00017;PFX:362638b9f4ba51;MAE;CORE;DIRETO;;PFX:362638b9f4ba51;0;85;85;FAM_MAE_DECLARADA;stg_pessoa_fisica_atual_202606191707.csv;;;false;Mae do nucleo por filiacao declarada.
G00017;PFX:5fcf5a6b59947e;PAI;CORE;DIRETO;;PFX:5fcf5a6b59947e;0;85;85;FAM_PAI_DECLARADO;stg_pessoa_fisica_atual_202606191707.csv;;;false;Pai do nucleo por filiacao declarada.
G00018;PFX:362638b9f4ba51;MAE_REFERENCIA;ASSOCIADO;DIRETO;;PFX:362638b9f4ba51;0;80;45;FAM_IRMAOS_DOIS_PAIS;stg_pessoa_fisica_atual_202606191707.csv;;;false;Mae usada como referencia do grupo de irmaos.
G00018;PFX:5fcf5a6b59947e;PAI_REFERENCIA;ASSOCIADO;DIRETO;;PFX:5fcf5a6b59947e;0;80;45;FAM_IRMAOS_DOIS_PAIS;stg_pessoa_fisica_atual_202606191707.csv;;;false;Pai usado como referencia do grupo de irmaos.
G00018;PF:90000001732;IRMAO_COMPLETO;CORE;DIRETO;PFX:5fcf5a6b59947e|PFX:362638b9f4ba51;"PF:90000001732->FILHO_DE->PFX:5fcf5a6b59947e;PF:90000001732->FILHO_DE->PFX:362638b9f4ba51";1;82;65;FAM_IRMAOS_DOIS_PAIS;stg_pessoa_fisica_atual_202606191707.csv;;;false;Mesmo pai e mesma mae resolvidos.
G00018;PF:90000001813;IRMAO_COMPLETO;CORE;DIRETO;PFX:5fcf5a6b59947e|PFX:362638b9f4ba51;"PF:90000001813->FILHO_DE->PFX:5fcf5a6b59947e;PF:90000001813->FILHO_DE->PFX:362638b9f4ba51";1;82;65;FAM_IRMAOS_DOIS_PAIS;stg_pessoa_fisica_atual_202606191707.csv;;;false;Mesmo pai e mesma mae resolvidos.
G00019;PF:90000002038;FILHO;CORE;DIRETO;PFX:29384aeaddc863|PFX:e55a22933a467a;"PF:90000002038->FILHO_DE->PFX:29384aeaddc863;PF:90000002038->FILHO_DE->PFX:e55a22933a467a";1;82;80;FAM_PAI_DECLARADO|FAM_MAE_DECLARADA;stg_pessoa_fisica_atual_202606191707.csv;;;false;Filho direto do par parental.
G00019;PFX:29384aeaddc863;PAI;CORE;DIRETO;;PFX:29384aeaddc863;0;85;85;FAM_PAI_DECLARADO;stg_pessoa_fisica_atual_202606191707.csv;;;false;Pai do nucleo por filiacao declarada.
G00019;PFX:e55a22933a467a;MAE;CORE;DIRETO;;PFX:e55a22933a467a;0;85;85;FAM_MAE_DECLARADA;stg_pessoa_fisica_atual_202606191707.csv;;;false;Mae do nucleo por filiacao declarada.
G00020;PF:90000002208;FILHO;CORE;DIRETO;PFX:1d75f542db13a0|PFX:04dbf3719411dd;"PF:90000002208->FILHO_DE->PFX:1d75f542db13a0;PF:90000002208->FILHO_DE->PFX:04dbf3719411dd";1;82;80;FAM_PAI_DECLARADO|FAM_MAE_DECLARADA;stg_pessoa_fisica_atual_202606191707.csv;;;false;Filho direto do par parental.
G00020;PFX:04dbf3719411dd;MAE;CORE;DIRETO;;PFX:04dbf3719411dd;0;85;85;FAM_MAE_DECLARADA;stg_pessoa_fisica_atual_202606191707.csv;;;false;Mae do nucleo por filiacao declarada.
G00020;PFX:1d75f542db13a0;PAI;CORE;DIRETO;;PFX:1d75f542db13a0;0;85;85;FAM_PAI_DECLARADO;stg_pessoa_fisica_atual_202606191707.csv;;;false;Pai do nucleo por filiacao declarada.
G00021;PF:90000002380;FILHO;CORE;DIRETO;PFX:cca093d55f5a2a|PFX:c30f1e6d0e568b;"PF:90000002380->FILHO_DE->PFX:cca093d55f5a2a;PF:90000002380->FILHO_DE->PFX:c30f1e6d0e568b";1;82;80;FAM_PAI_DECLARADO|FAM_MAE_DECLARADA;stg_pessoa_fisica_atual_202606191707.csv;;;false;Filho direto do par parental.
G00021;PFX:c30f1e6d0e568b;MAE;CORE;DIRETO;;PFX:c30f1e6d0e568b;0;85;85;FAM_MAE_DECLARADA;stg_pessoa_fisica_atual_202606191707.csv;;;false;Mae do nucleo por filiacao declarada.
G00021;PFX:cca093d55f5a2a;PAI;CORE;DIRETO;;PFX:cca093d55f5a2a;0;85;85;FAM_PAI_DECLARADO;stg_pessoa_fisica_atual_202606191707.csv;;;false;Pai do nucleo por filiacao declarada.
G00022;PF:90000002461;FILHO;CORE;DIRETO;PFX:7f39535a90160e|PFX:fb3783730d683d;"PF:90000002461->FILHO_DE->PFX:7f39535a90160e;PF:90000002461->FILHO_DE->PFX:fb3783730d683d";1;82;80;FAM_PAI_DECLARADO|FAM_MAE_DECLARADA;stg_pessoa_fisica_atual_202606191707.csv;;;false;Filho direto do par parental.
G00022;PFX:7f39535a90160e;PAI;CORE;DIRETO;;PFX:7f39535a90160e;0;85;85;FAM_PAI_DECLARADO;stg_pessoa_fisica_atual_202606191707.csv;;;false;Pai do nucleo por filiacao declarada.
G00022;PFX:fb3783730d683d;MAE;CORE;DIRETO;;PFX:fb3783730d683d;0;85;85;FAM_MAE_DECLARADA;stg_pessoa_fisica_atual_202606191707.csv;;;false;Mae do nucleo por filiacao declarada.
G00023;PF:90000002542;FILHO;CORE;DIRETO;PFX:2be76a6a809975|PFX:f1db76277d066a;"PF:90000002542->FILHO_DE->PFX:2be76a6a809975;PF:90000002542->FILHO_DE->PFX:f1db76277d066a";1;82;80;FAM_PAI_DECLARADO|FAM_MAE_DECLARADA;stg_pessoa_fisica_atual_202606191707.csv;;;false;Filho direto do par parental.
G00023;PFX:2be76a6a809975;PAI;CORE;DIRETO;;PFX:2be76a6a809975;0;85;85;FAM_PAI_DECLARADO;stg_pessoa_fisica_atual_202606191707.csv;;;false;Pai do nucleo por filiacao declarada.
G00023;PFX:f1db76277d066a;MAE;CORE;DIRETO;;PFX:f1db76277d066a;0;85;85;FAM_MAE_DECLARADA;stg_pessoa_fisica_atual_202606191707.csv;;;false;Mae do nucleo por filiacao declarada.
G00024;PF:90000002623;FILHO;CORE;DIRETO;PFX:365adf037681aa|PFX:5c371f0a0eb167;"PF:90000002623->FILHO_DE->PFX:365adf037681aa;PF:90000002623->FILHO_DE->PFX:5c371f0a0eb167";1;82;80;FAM_PAI_DECLARADO|FAM_MAE_DECLARADA;stg_pessoa_fisica_atual_202606191707.csv;;;false;Filho direto do par parental.
G00024;PFX:365adf037681aa;PAI;CORE;DIRETO;;PFX:365adf037681aa;0;85;85;FAM_PAI_DECLARADO;stg_pessoa_fisica_atual_202606191707.csv;;;false;Pai do nucleo por filiacao declarada.
G00024;PFX:5c371f0a0eb167;MAE;CORE;DIRETO;;PFX:5c371f0a0eb167;0;85;85;FAM_MAE_DECLARADA;stg_pessoa_fisica_atual_202606191707.csv;;;false;Mae do nucleo por filiacao declarada.
G00025;PF:00000000000;FILHO;CORE;DIRETO;PFX:fb7d1dc718e384|PFX:eb0cdca8259967;"PF:00000000000->FILHO_DE->PFX:fb7d1dc718e384;PF:00000000000->FILHO_DE->PFX:eb0cdca8259967";1;82;80;FAM_PAI_DECLARADO|FAM_MAE_DECLARADA;stg_pessoa_fisica_atual_202606191707.csv;;;false;Filho direto do par parental.
G00025;PFX:eb0cdca8259967;MAE;CORE;DIRETO;;PFX:eb0cdca8259967;0;85;85;FAM_MAE_DECLARADA;stg_pessoa_fisica_atual_202606191707.csv;;;false;Mae do nucleo por filiacao declarada.
G00025;PFX:fb7d1dc718e384;PAI;CORE;DIRETO;;PFX:fb7d1dc718e384;0;85;85;FAM_PAI_DECLARADO;stg_pessoa_fisica_atual_202606191707.csv;;;false;Pai do nucleo por filiacao declarada.
G00026;PF:90000000337;FILHO_COMUM;ASSOCIADO;DIRETO;PF:90000000175|PF:90000000256;PF:90000000337;0;82;65;FAM_PAI_DECLARADO|FAM_MAE_DECLARADA;stg_pessoa_fisica_atual_202606191707.csv;;;false;Filho comum identificado por filiacao.
G00026;PF:90000000418;FILHO_COMUM;ASSOCIADO;DIRETO;PF:90000000175|PF:90000000256;PF:90000000418;0;82;65;FAM_PAI_DECLARADO|FAM_MAE_DECLARADA;stg_pessoa_fisica_atual_202606191707.csv;;;false;Filho comum identificado por filiacao.
G00026;PF:90000000175;CONJUGE;CORE;DIRETO;;PF:90000000175;0;95;85;FAM_CONJUGE_CPF;denodo_base_cadastral.csv;;;false;Conjuge informado por CPF.
G00026;PF:90000000256;CONJUGE;CORE;DIRETO;;PF:90000000256;0;95;85;FAM_CONJUGE_CPF;denodo_base_cadastral.csv;;;false;Conjuge informado por CPF.
G00027;PF:90000000337;CONJUGE;CORE;DIRETO;;PF:90000000337;0;95;85;FAM_CONJUGE_CPF;denodo_base_cadastral.csv;;;false;Conjuge informado por CPF.
G00027;PF:90000000507;CONJUGE;CORE;DIRETO;;PF:90000000507;0;95;85;FAM_CONJUGE_CPF;denodo_base_cadastral.csv;;;false;Conjuge informado por CPF.
G00028;PF:90000000841;CONJUGE;CORE;DIRETO;;PF:90000000841;0;95;85;FAM_CONJUGE_CPF;denodo_base_cadastral.csv;;;false;Conjuge informado por CPF.
G00028;PF:90000001066;CONJUGE;CORE;DIRETO;;PF:90000001066;0;95;85;FAM_CONJUGE_CPF;denodo_base_cadastral.csv;;;false;Conjuge informado por CPF.
G00029;PF:90000001147;CONJUGE;CORE;DIRETO;;PF:90000001147;0;95;85;FAM_CONJUGE_CPF;denodo_base_cadastral.csv;;;false;Conjuge informado por CPF.
G00029;PF:90000001228;CONJUGE;CORE;DIRETO;;PF:90000001228;0;95;85;FAM_CONJUGE_CPF;denodo_base_cadastral.csv;;;false;Conjuge informado por CPF.
G00030;PF:90000001228;CONJUGE;CORE;DIRETO;;PF:90000001228;0;95;85;FAM_CONJUGE_CPF;denodo_base_cadastral.csv;;;false;Conjuge informado por CPF.
G00030;PF:90000001309;CONJUGE;CORE;DIRETO;;PF:90000001309;0;95;85;FAM_CONJUGE_CPF;denodo_base_cadastral.csv;;;false;Conjuge informado por CPF.
G00031;PF:90000001228;CONJUGE;CORE;DIRETO;;PF:90000001228;0;95;85;FAM_CONJUGE_CPF;denodo_base_cadastral.csv;;;false;Conjuge informado por CPF.
G00031;PF:90000001490;CONJUGE;CORE;DIRETO;;PF:90000001490;0;95;85;FAM_CONJUGE_CPF;denodo_base_cadastral.csv;;;false;Conjuge informado por CPF.
G00032;PF:90000000175;POSSIVEL_MEIO_IRMAO;CANDIDATO;DIRETO;;PF:90000000175;0;45;40;FAM_MEIO_IRMAO_UM_PAI;stg_pessoa_fisica_atual_202606191707.csv;;;true;Compartilha nome de genitor, mas identidade do genitor nao foi confirmada.
G00032;PF:90000000680;POSSIVEL_MEIO_IRMAO;CANDIDATO;DIRETO;;PF:90000000680;0;45;40;FAM_MEIO_IRMAO_UM_PAI;stg_pessoa_fisica_atual_202606191707.csv;;;true;Compartilha nome de genitor, mas identidade do genitor nao foi confirmada.
G00032;PF:90000000760;POSSIVEL_MEIO_IRMAO;CANDIDATO;DIRETO;;PF:90000000760;0;45;40;FAM_MEIO_IRMAO_UM_PAI;stg_pessoa_fisica_atual_202606191707.csv;;;true;Compartilha nome de genitor, mas identidade do genitor nao foi confirmada.
G00033;PFX:156bd2f2b9d738;PARENTE_ATE_GRAU_CONFIGURADO;ASSOCIADO;DIRETO;;PFX:156bd2f2b9d738;0;70;45;FAM_PARENTESCO_DERIVADO;stg_pessoa_fisica_atual_202606191707.csv;;;true;Incluido por filiacao, conjuge ou parentesco derivado resolvido no grafo.
G00033;PFX:1b2b8f9fb9616c;PARENTE_ATE_GRAU_CONFIGURADO;ASSOCIADO;DIRETO;;PFX:1b2b8f9fb9616c;0;70;45;FAM_PARENTESCO_DERIVADO;stg_pessoa_fisica_atual_202606191707.csv;;;true;Incluido por filiacao, conjuge ou parentesco derivado resolvido no grafo.
G00033;PFX:76285605ea752a;PARENTE_ATE_GRAU_CONFIGURADO;ASSOCIADO;DIRETO;;PFX:76285605ea752a;0;70;45;FAM_PARENTESCO_DERIVADO;stg_pessoa_fisica_atual_202606191707.csv;;;true;Incluido por filiacao, conjuge ou parentesco derivado resolvido no grafo.
G00033;PFX:aacc48e15aad5c;PARENTE_ATE_GRAU_CONFIGURADO;ASSOCIADO;DIRETO;;PFX:aacc48e15aad5c;0;70;45;FAM_PARENTESCO_DERIVADO;stg_pessoa_fisica_atual_202606191707.csv;;;true;Incluido por filiacao, conjuge ou parentesco derivado resolvido no grafo.
G00033;PFX:c57abe4f951f2a;PARENTE_ATE_GRAU_CONFIGURADO;ASSOCIADO;DIRETO;;PFX:c57abe4f951f2a;0;70;45;FAM_PARENTESCO_DERIVADO;stg_pessoa_fisica_atual_202606191707.csv;;;true;Incluido por filiacao, conjuge ou parentesco derivado resolvido no grafo.
G00033;PFX:dcdcb41545027c;PARENTE_ATE_GRAU_CONFIGURADO;ASSOCIADO;DIRETO;;PFX:dcdcb41545027c;0;70;45;FAM_PARENTESCO_DERIVADO;stg_pessoa_fisica_atual_202606191707.csv;;;true;Incluido por filiacao, conjuge ou parentesco derivado resolvido no grafo.
G00033;PF:90000000175;PARENTE_ATE_GRAU_CONFIGURADO;CORE;DIRETO;;PF:90000000175;0;78;60;FAM_PARENTESCO_DERIVADO;stg_pessoa_fisica_atual_202606191707.csv;;;false;Incluido por filiacao, conjuge ou parentesco derivado resolvido no grafo.
G00033;PF:90000000256;PARENTE_ATE_GRAU_CONFIGURADO;CORE;DIRETO;;PF:90000000256;0;78;60;FAM_PARENTESCO_DERIVADO;stg_pessoa_fisica_atual_202606191707.csv;;;false;Incluido por filiacao, conjuge ou parentesco derivado resolvido no grafo.
G00033;PF:90000000337;PARENTE_ATE_GRAU_CONFIGURADO;CORE;DIRETO;;PF:90000000337;0;78;60;FAM_PARENTESCO_DERIVADO;stg_pessoa_fisica_atual_202606191707.csv;;;false;Incluido por filiacao, conjuge ou parentesco derivado resolvido no grafo.
G00033;PF:90000000418;PARENTE_ATE_GRAU_CONFIGURADO;CORE;DIRETO;;PF:90000000418;0;78;60;FAM_PARENTESCO_DERIVADO;stg_pessoa_fisica_atual_202606191707.csv;;;false;Incluido por filiacao, conjuge ou parentesco derivado resolvido no grafo.
G00033;PF:90000000507;PARENTE_ATE_GRAU_CONFIGURADO;CORE;DIRETO;;PF:90000000507;0;78;60;FAM_PARENTESCO_DERIVADO;stg_pessoa_fisica_atual_202606191707.csv;;;false;Incluido por filiacao, conjuge ou parentesco derivado resolvido no grafo.
G00033;PF:90000000680;PARENTE_ATE_GRAU_CONFIGURADO;CORE;DIRETO;;PF:90000000680;0;78;60;FAM_PARENTESCO_DERIVADO;stg_pessoa_fisica_atual_202606191707.csv;;;false;Incluido por filiacao, conjuge ou parentesco derivado resolvido no grafo.
G00034;PFX:15f28af0a886da;PARENTE_ATE_GRAU_CONFIGURADO;ASSOCIADO;DIRETO;;PFX:15f28af0a886da;0;70;45;FAM_PARENTESCO_DERIVADO;stg_pessoa_fisica_atual_202606191707.csv;;;true;Incluido por filiacao, conjuge ou parentesco derivado resolvido no grafo.
G00034;PFX:2365332cd07e04;PARENTE_ATE_GRAU_CONFIGURADO;ASSOCIADO;DIRETO;;PFX:2365332cd07e04;0;70;45;FAM_PARENTESCO_DERIVADO;stg_pessoa_fisica_atual_202606191707.csv;;;true;Incluido por filiacao, conjuge ou parentesco derivado resolvido no grafo.
G00034;PFX:26e3e0b75ceee7;PARENTE_ATE_GRAU_CONFIGURADO;ASSOCIADO;DIRETO;;PFX:26e3e0b75ceee7;0;70;45;FAM_PARENTESCO_DERIVADO;stg_pessoa_fisica_atual_202606191707.csv;;;true;Incluido por filiacao, conjuge ou parentesco derivado resolvido no grafo.
G00034;PFX:3041a6306a4fbf;PARENTE_ATE_GRAU_CONFIGURADO;ASSOCIADO;DIRETO;;PFX:3041a6306a4fbf;0;70;45;FAM_PARENTESCO_DERIVADO;stg_pessoa_fisica_atual_202606191707.csv;;;true;Incluido por filiacao, conjuge ou parentesco derivado resolvido no grafo.
G00034;PFX:7da71ea421c4bf;PARENTE_ATE_GRAU_CONFIGURADO;ASSOCIADO;DIRETO;;PFX:7da71ea421c4bf;0;70;45;FAM_PARENTESCO_DERIVADO;stg_pessoa_fisica_atual_202606191707.csv;;;true;Incluido por filiacao, conjuge ou parentesco derivado resolvido no grafo.
G00034;PFX:8010bfff8fd00c;PARENTE_ATE_GRAU_CONFIGURADO;ASSOCIADO;DIRETO;;PFX:8010bfff8fd00c;0;70;45;FAM_PARENTESCO_DERIVADO;stg_pessoa_fisica_atual_202606191707.csv;;;true;Incluido por filiacao, conjuge ou parentesco derivado resolvido no grafo.
G00034;PFX:ab5c876101cdd1;PARENTE_ATE_GRAU_CONFIGURADO;ASSOCIADO;DIRETO;;PFX:ab5c876101cdd1;0;70;45;FAM_PARENTESCO_DERIVADO;stg_pessoa_fisica_atual_202606191707.csv;;;true;Incluido por filiacao, conjuge ou parentesco derivado resolvido no grafo.
G00034;PFX:ad062547a9b00a;PARENTE_ATE_GRAU_CONFIGURADO;ASSOCIADO;DIRETO;;PFX:ad062547a9b00a;0;70;45;FAM_PARENTESCO_DERIVADO;stg_pessoa_fisica_atual_202606191707.csv;;;true;Incluido por filiacao, conjuge ou parentesco derivado resolvido no grafo.
G00034;PF:90000001147;PARENTE_ATE_GRAU_CONFIGURADO;CORE;DIRETO;;PF:90000001147;0;78;60;FAM_PARENTESCO_DERIVADO;stg_pessoa_fisica_atual_202606191707.csv;;;false;Incluido por filiacao, conjuge ou parentesco derivado resolvido no grafo.
G00034;PF:90000001228;PARENTE_ATE_GRAU_CONFIGURADO;CORE;DIRETO;;PF:90000001228;0;78;60;FAM_PARENTESCO_DERIVADO;stg_pessoa_fisica_atual_202606191707.csv;;;false;Incluido por filiacao, conjuge ou parentesco derivado resolvido no grafo.
G00034;PF:90000001309;PARENTE_ATE_GRAU_CONFIGURADO;CORE;DIRETO;;PF:90000001309;0;78;60;FAM_PARENTESCO_DERIVADO;stg_pessoa_fisica_atual_202606191707.csv;;;false;Incluido por filiacao, conjuge ou parentesco derivado resolvido no grafo.
G00034;PF:90000001490;PARENTE_ATE_GRAU_CONFIGURADO;CORE;DIRETO;;PF:90000001490;0;78;60;FAM_PARENTESCO_DERIVADO;stg_pessoa_fisica_atual_202606191707.csv;;;false;Incluido por filiacao, conjuge ou parentesco derivado resolvido no grafo.
G00035;PF:90000001570;CONTROLADOR_DIRETO;CORE;DIRETO;PJ:11111111000111;PF:90000001570->SOCIO_DE->PJ:11111111000111;1;90;95;SOC_SOCIO_DIRETO;stg_cadastro_socio_pj_202606191707.csv;2026-06-30;;false;Participacao direta de 100.00% no capital.
G00035;PJ:11111111000111;EMPRESA_ANCORA;CORE;DIRETO;;PJ:11111111000111;0;95;95;SOC_SOCIO_DIRETO;stg_cadastro_socio_pj_202606191707.csv;;;false;CNPJ ancora do grupo da empresa.
G00036;PF:90000000175;CONJUGE_DE_SOCIO;ASSOCIADO;DIRETO;PF:90000000256;PF:90000000175->CONJUGE_DE->PF:90000000256->SOCIO_DE->PJ:90100001000109;2;80;45;SOC_CONJUGE_DE_SOCIO|FAM_CONJUGE_CPF;stg_cadastro_socio_pj_202606191707.csv|denodo_base_cadastral.csv;;;false;"Conjuge de socio incluido como associado; nao classificado como socio/controlador."
G00036;PF:90000000256;CONJUGE_DE_SOCIO;ASSOCIADO;DIRETO;PF:90000000175;PF:90000000256->CONJUGE_DE->PF:90000000175->SOCIO_DE->PJ:90100001000109;2;80;45;SOC_CONJUGE_DE_SOCIO|FAM_CONJUGE_CPF;stg_cadastro_socio_pj_202606191707.csv|denodo_base_cadastral.csv;;;false;"Conjuge de socio incluido como associado; nao classificado como socio/controlador."
G00036;PF:00000000000;SOCIO_DIRETO;CORE;DIRETO;PJ:90100001000109;PF:00000000000->SOCIO_DE->PJ:90100001000109;1;90;35;SOC_SOCIO_DIRETO;stg_cadastro_socio_pj_202606191707.csv;2026-06-30;;false;Participacao direta de 1.00% no capital.
G00036;PF:90000000175;CONTROLADOR_DIRETO;CORE;DIRETO;PJ:90100001000109;PF:90000000175->SOCIO_DE->PJ:90100001000109;1;90;95;SOC_SOCIO_DIRETO;stg_cadastro_socio_pj_202606191707.csv;2026-06-30;;false;Participacao direta de 60.00% no capital.
G00036;PF:90000000256;SOCIO_INFLUENCIA_RELEVANTE;CORE;DIRETO;PJ:90100001000109;PF:90000000256->SOCIO_DE->PJ:90100001000109;1;90;70;SOC_SOCIO_DIRETO;stg_cadastro_socio_pj_202606191707.csv;2026-06-30;;false;Participacao direta de 20.00% no capital.
G00036;PF:90000000922;SOCIO_INFLUENCIA_RELEVANTE;CORE;DIRETO;PJ:90100001000109;PF:90000000922->SOCIO_DE->PJ:90100001000109;1;90;70;SOC_SOCIO_DIRETO;stg_cadastro_socio_pj_202606191707.csv;2026-06-30;;false;Participacao direta de 20.00% no capital.
G00036;PJ:90100001000109;EMPRESA_ANCORA;CORE;DIRETO;;PJ:90100001000109;0;95;95;SOC_SOCIO_DIRETO;stg_cadastro_socio_pj_202606191707.csv;;;false;CNPJ ancora do grupo da empresa.
G00037;PF:00000000000;BENEFICIARIO_INDIRETO_CANDIDATO;ASSOCIADO;INDIRETO;PJ:90100001000109;PF:00000000000->SOCIO_DE->PJ:90100001000109->SOCIO_DE->PJ:90100002000145;2;78;45;SOC_PARTICIPACAO_INDIRETA|SOC_BENEFICIARIO_FINAL;stg_cadastro_socio_pj_202606191707.csv;;;false;Participacao indireta calculada: 0.7000%.
G00037;PF:90000000175;BENEFICIARIO_INDIRETO_CANDIDATO;ASSOCIADO;INDIRETO;PJ:90100001000109;PF:90000000175->SOCIO_DE->PJ:90100001000109->SOCIO_DE->PJ:90100002000145;2;78;70;SOC_PARTICIPACAO_INDIRETA|SOC_BENEFICIARIO_FINAL;stg_cadastro_socio_pj_202606191707.csv;;;false;Participacao indireta calculada: 42.0000%.
G00037;PF:90000000256;BENEFICIARIO_INDIRETO_CANDIDATO;ASSOCIADO;INDIRETO;PJ:90100001000109;PF:90000000256->SOCIO_DE->PJ:90100001000109->SOCIO_DE->PJ:90100002000145;2;78;45;SOC_PARTICIPACAO_INDIRETA|SOC_BENEFICIARIO_FINAL;stg_cadastro_socio_pj_202606191707.csv;;;false;Participacao indireta calculada: 14.0000%.
G00037;PF:90000000507;CONJUGE_DE_SOCIO;ASSOCIADO;DIRETO;PF:90000000337;PF:90000000507->CONJUGE_DE->PF:90000000337->SOCIO_DE->PJ:90100002000145;2;80;45;SOC_CONJUGE_DE_SOCIO|FAM_CONJUGE_CPF;stg_cadastro_socio_pj_202606191707.csv|denodo_base_cadastral.csv;;;false;"Conjuge de socio incluido como associado; nao classificado como socio/controlador."
G00037;PF:90000000922;BENEFICIARIO_INDIRETO_CANDIDATO;ASSOCIADO;INDIRETO;PJ:90100001000109;PF:90000000922->SOCIO_DE->PJ:90100001000109->SOCIO_DE->PJ:90100002000145;2;78;45;SOC_PARTICIPACAO_INDIRETA|SOC_BENEFICIARIO_FINAL;stg_cadastro_socio_pj_202606191707.csv;;;false;Participacao indireta calculada: 14.0000%.
G00037;PF:90000000337;SOCIO_INFLUENCIA_RELEVANTE;CORE;DIRETO;PJ:90100002000145;PF:90000000337->SOCIO_DE->PJ:90100002000145;1;90;70;SOC_SOCIO_DIRETO;stg_cadastro_socio_pj_202606191707.csv;2026-06-30;;false;Participacao direta de 30.00% no capital.
G00037;PJ:90100001000109;CONTROLADOR_DIRETO;CORE;DIRETO;PJ:90100002000145;PJ:90100001000109->SOCIO_DE->PJ:90100002000145;1;90;95;SOC_SOCIO_DIRETO;stg_cadastro_socio_pj_202606191707.csv;2026-06-30;;false;Participacao direta de 70.00% no capital.
G00037;PJ:90100002000145;EMPRESA_ANCORA;CORE;DIRETO;;PJ:90100002000145;0;95;95;SOC_SOCIO_DIRETO;stg_cadastro_socio_pj_202606191707.csv;;;false;CNPJ ancora do grupo da empresa.
G00038;PF:90000000256;CONJUGE_DE_SOCIO;ASSOCIADO;DIRETO;PF:90000000175;PF:90000000256->CONJUGE_DE->PF:90000000175->SOCIO_DE->PJ:90100003000190;2;80;45;SOC_CONJUGE_DE_SOCIO|FAM_CONJUGE_CPF;stg_cadastro_socio_pj_202606191707.csv|denodo_base_cadastral.csv;;;false;"Conjuge de socio incluido como associado; nao classificado como socio/controlador."
G00038;PF:90000001066;CONJUGE_DE_SOCIO;ASSOCIADO;DIRETO;PF:90000000841;PF:90000001066->CONJUGE_DE->PF:90000000841->SOCIO_DE->PJ:90100003000190;2;80;45;SOC_CONJUGE_DE_SOCIO|FAM_CONJUGE_CPF;stg_cadastro_socio_pj_202606191707.csv|denodo_base_cadastral.csv;;;false;"Conjuge de socio incluido como associado; nao classificado como socio/controlador."
G00038;PF:90000000175;SOCIO_DIRETO;CORE;DIRETO;PJ:90100003000190;PF:90000000175->SOCIO_DE->PJ:90100003000190;1;90;35;SOC_SOCIO_DIRETO;stg_cadastro_socio_pj_202606191707.csv;2026-06-30;;false;Participacao direta de 5.00% no capital.
G00038;PF:90000000680;SOCIO_DIRETO;CORE;DIRETO;PJ:90100003000190;PF:90000000680->SOCIO_DE->PJ:90100003000190;1;90;35;SOC_SOCIO_DIRETO;stg_cadastro_socio_pj_202606191707.csv;2026-06-30;;false;Participacao direta de 15.00% no capital.
G00038;PF:90000000841;CONTROLADOR_DIRETO;CORE;DIRETO;PJ:90100003000190;PF:90000000841->SOCIO_DE->PJ:90100003000190;1;90;95;SOC_SOCIO_DIRETO;stg_cadastro_socio_pj_202606191707.csv;2026-06-30;;false;Participacao direta de 80.00% no capital.
G00038;PJ:90100003000190;EMPRESA_ANCORA;CORE;DIRETO;;PJ:90100003000190;0;95;95;SOC_SOCIO_DIRETO;stg_cadastro_socio_pj_202606191707.csv;;;false;CNPJ ancora do grupo da empresa.
G00039;PF:90000000337;CONJUGE_DE_SOCIO;ASSOCIADO;DIRETO;PF:90000000507;PF:90000000337->CONJUGE_DE->PF:90000000507->SOCIO_DE->PJ:90100004000134;2;80;45;SOC_CONJUGE_DE_SOCIO|FAM_CONJUGE_CPF;stg_cadastro_socio_pj_202606191707.csv|denodo_base_cadastral.csv;;;false;"Conjuge de socio incluido como associado; nao classificado como socio/controlador."
G00039;PF:90000000507;CONJUGE_DE_SOCIO;ASSOCIADO;DIRETO;PF:90000000337;PF:90000000507->CONJUGE_DE->PF:90000000337->SOCIO_DE->PJ:90100004000134;2;80;45;SOC_CONJUGE_DE_SOCIO|FAM_CONJUGE_CPF;stg_cadastro_socio_pj_202606191707.csv|denodo_base_cadastral.csv;;;false;"Conjuge de socio incluido como associado; nao classificado como socio/controlador."
G00039;PF:90000000337;CONTROLE_CONJUNTO_CANDIDATO;CANDIDATO;DIRETO;PJ:90100004000134;PF:90000000337->SOCIO_DE->PJ:90100004000134;1;90;70;SOC_SOCIO_DIRETO;stg_cadastro_socio_pj_202606191707.csv;2026-06-30;;false;Participacao direta de 50.00% no capital.
G00039;PF:90000000507;CONTROLE_CONJUNTO_CANDIDATO;CANDIDATO;DIRETO;PJ:90100004000134;PF:90000000507->SOCIO_DE->PJ:90100004000134;1;90;70;SOC_SOCIO_DIRETO;stg_cadastro_socio_pj_202606191707.csv;2026-06-30;;false;Participacao direta de 50.00% no capital.
G00039;PJ:90100004000134;EMPRESA_ANCORA;CORE;DIRETO;;PJ:90100004000134;0;95;95;SOC_SOCIO_DIRETO;stg_cadastro_socio_pj_202606191707.csv;;;false;CNPJ ancora do grupo da empresa.
G00040;PF:90000002542;CONTROLADOR_DIRETO;CORE;DIRETO;PJ:90100005000189;PF:90000002542->SOCIO_DE->PJ:90100005000189;1;90;95;SOC_SOCIO_DIRETO;stg_cadastro_socio_pj_202606191707.csv;2026-06-30;;false;Participacao direta de 70.00% no capital.
G00040;PF:90000002623;SOCIO_INFLUENCIA_RELEVANTE;CORE;DIRETO;PJ:90100005000189;PF:90000002623->SOCIO_DE->PJ:90100005000189;1;90;70;SOC_SOCIO_DIRETO;stg_cadastro_socio_pj_202606191707.csv;2026-06-30;;false;Participacao direta de 40.00% no capital.
G00040;PJ:90100005000189;EMPRESA_ANCORA;CORE;DIRETO;;PJ:90100005000189;0;95;95;SOC_SOCIO_DIRETO;stg_cadastro_socio_pj_202606191707.csv;;;false;CNPJ ancora do grupo da empresa.
G00041;PJ:90100006000123;EMPRESA_ANCORA;CORE;DIRETO;;PJ:90100006000123;0;95;95;SOC_SOCIO_DIRETO;stg_cadastro_socio_pj_202606191707.csv;;;false;CNPJ ancora do grupo da empresa.
G00041;PJ:90100007000178;CONTROLADOR_DIRETO;CORE;DIRETO;PJ:90100006000123;PJ:90100007000178->SOCIO_DE->PJ:90100006000123;1;90;95;SOC_SOCIO_DIRETO;stg_cadastro_socio_pj_202606191707.csv;2026-06-30;;false;Participacao direta de 60.00% no capital.
G00042;PJ:90100006000123;CONTROLADOR_DIRETO;CORE;DIRETO;PJ:90100007000178;PJ:90100006000123->SOCIO_DE->PJ:90100007000178;1;90;95;SOC_SOCIO_DIRETO;stg_cadastro_socio_pj_202606191707.csv;2026-06-30;;false;Participacao direta de 60.00% no capital.
G00042;PJ:90100007000178;EMPRESA_ANCORA;CORE;DIRETO;;PJ:90100007000178;0;95;95;SOC_SOCIO_DIRETO;stg_cadastro_socio_pj_202606191707.csv;;;false;CNPJ ancora do grupo da empresa.
G00043;PF:90000000680;CONTROLADOR_DIRETO;CORE;DIRETO;PJ:90100008000112;PF:90000000680->SOCIO_DE->PJ:90100008000112;1;90;95;SOC_SOCIO_DIRETO;stg_cadastro_socio_pj_202606191707.csv;2026-06-30;;false;Participacao direta de 80.00% no capital.
G00043;PF:90000000760;SOCIO_INFLUENCIA_RELEVANTE;CORE;DIRETO;PJ:90100008000112;PF:90000000760->SOCIO_DE->PJ:90100008000112;1;90;70;SOC_SOCIO_DIRETO;stg_cadastro_socio_pj_202606191707.csv;2026-06-30;;false;Participacao direta de 20.00% no capital.
G00043;PJ:90100008000112;EMPRESA_ANCORA;CORE;DIRETO;;PJ:90100008000112;0;95;95;SOC_SOCIO_DIRETO;stg_cadastro_socio_pj_202606191707.csv;;;false;CNPJ ancora do grupo da empresa.
G00044;PJ:90100010000191;CONTROLADOR_DIRETO;CORE;DIRETO;PJ:90100010000191;PJ:90100010000191->SOCIO_DE->PJ:90100010000191;1;90;95;SOC_SOCIO_DIRETO;stg_cadastro_socio_pj_202606191707.csv;2026-06-30;;false;Participacao direta de 100.00% no capital.
G00044;PJ:90100010000191;EMPRESA_ANCORA;CORE;DIRETO;;PJ:90100010000191;0;95;95;SOC_SOCIO_DIRETO;stg_cadastro_socio_pj_202606191707.csv;;;false;CNPJ ancora do grupo da empresa.
G00045;PF:90000002380;PARTICIPACAO_INVALIDA;CANDIDATO;DIRETO;PJ:90100011000136;PF:90000002380->SOCIO_DE->PJ:90100011000136;1;40;35;SOC_SOCIO_DIRETO;stg_cadastro_socio_pj_202606191707.csv;2026-06-30;;true;Participacao direta de 0.00% no capital.
G00045;PF:90000002461;PARTICIPACAO_INVALIDA;CANDIDATO;DIRETO;PJ:90100011000136;PF:90000002461->SOCIO_DE->PJ:90100011000136;1;40;35;SOC_SOCIO_DIRETO;stg_cadastro_socio_pj_202606191707.csv;2026-06-30;;true;Participacao direta de -5.00% no capital.
G00045;PJ:90100011000136;EMPRESA_ANCORA;CORE;DIRETO;;PJ:90100011000136;0;95;95;SOC_SOCIO_DIRETO;stg_cadastro_socio_pj_202606191707.csv;;;false;CNPJ ancora do grupo da empresa.
G00046;PF:90000000256;CONJUGE_DE_SOCIO;ASSOCIADO;DIRETO;PF:90000000175;PF:90000000256->CONJUGE_DE->PF:90000000175->SOCIO_DE->PJ:90100012000180;2;80;45;SOC_CONJUGE_DE_SOCIO|FAM_CONJUGE_CPF;stg_cadastro_socio_pj_202606191707.csv|denodo_base_cadastral.csv;;;false;"Conjuge de socio incluido como associado; nao classificado como socio/controlador."
G00046;PF:90000000175;CONTROLADOR_DIRETO;CORE;DIRETO;PJ:90100012000180;PF:90000000175->SOCIO_DE->PJ:90100012000180;1;90;95;SOC_SOCIO_DIRETO;stg_cadastro_socio_pj_202606191707.csv;2026-06-30;;false;Participacao direta de 100.00% no capital.
G00046;PJ:90100012000180;EMPRESA_ANCORA;CORE;DIRETO;;PJ:90100012000180;0;95;95;SOC_SOCIO_DIRETO;stg_cadastro_socio_pj_202606191707.csv;;;false;CNPJ ancora do grupo da empresa.
G00047;PFX:156bd2f2b9d738;MEMBRO_FAMILIA;ASSOCIADO;DIRETO;;PFX:156bd2f2b9d738;0;70;45;FAM_PAI_DECLARADO|FAM_MAE_DECLARADA|FAM_CONJUGE_CPF;stg_pessoa_fisica_atual_202606191707.csv|denodo_base_cadastral.csv;;;true;Membro da familia com participacao direta ou indireta em empresas do grupo.
G00047;PFX:1b2b8f9fb9616c;MEMBRO_FAMILIA;ASSOCIADO;DIRETO;;PFX:1b2b8f9fb9616c;0;70;45;FAM_PAI_DECLARADO|FAM_MAE_DECLARADA|FAM_CONJUGE_CPF;stg_pessoa_fisica_atual_202606191707.csv|denodo_base_cadastral.csv;;;true;Membro da familia com participacao direta ou indireta em empresas do grupo.
G00047;PFX:76285605ea752a;MEMBRO_FAMILIA;ASSOCIADO;DIRETO;;PFX:76285605ea752a;0;70;45;FAM_PAI_DECLARADO|FAM_MAE_DECLARADA|FAM_CONJUGE_CPF;stg_pessoa_fisica_atual_202606191707.csv|denodo_base_cadastral.csv;;;true;Membro da familia com participacao direta ou indireta em empresas do grupo.
G00047;PFX:aacc48e15aad5c;MEMBRO_FAMILIA;ASSOCIADO;DIRETO;;PFX:aacc48e15aad5c;0;70;45;FAM_PAI_DECLARADO|FAM_MAE_DECLARADA|FAM_CONJUGE_CPF;stg_pessoa_fisica_atual_202606191707.csv|denodo_base_cadastral.csv;;;true;Membro da familia com participacao direta ou indireta em empresas do grupo.
G00047;PFX:c57abe4f951f2a;MEMBRO_FAMILIA;ASSOCIADO;DIRETO;;PFX:c57abe4f951f2a;0;70;45;FAM_PAI_DECLARADO|FAM_MAE_DECLARADA|FAM_CONJUGE_CPF;stg_pessoa_fisica_atual_202606191707.csv|denodo_base_cadastral.csv;;;true;Membro da familia com participacao direta ou indireta em empresas do grupo.
G00047;PFX:dcdcb41545027c;MEMBRO_FAMILIA;ASSOCIADO;DIRETO;;PFX:dcdcb41545027c;0;70;45;FAM_PAI_DECLARADO|FAM_MAE_DECLARADA|FAM_CONJUGE_CPF;stg_pessoa_fisica_atual_202606191707.csv|denodo_base_cadastral.csv;;;true;Membro da familia com participacao direta ou indireta em empresas do grupo.
G00047;PF:90000000175;MEMBRO_FAMILIA;CORE;DIRETO;;PF:90000000175;0;82;70;FAM_PAI_DECLARADO|FAM_MAE_DECLARADA|FAM_CONJUGE_CPF;stg_pessoa_fisica_atual_202606191707.csv|denodo_base_cadastral.csv;;;false;Membro da familia com participacao direta ou indireta em empresas do grupo.
G00047;PF:90000000256;MEMBRO_FAMILIA;CORE;DIRETO;;PF:90000000256;0;82;70;FAM_PAI_DECLARADO|FAM_MAE_DECLARADA|FAM_CONJUGE_CPF;stg_pessoa_fisica_atual_202606191707.csv|denodo_base_cadastral.csv;;;false;Membro da familia com participacao direta ou indireta em empresas do grupo.
G00047;PF:90000000337;MEMBRO_FAMILIA;CORE;DIRETO;;PF:90000000337;0;82;70;FAM_PAI_DECLARADO|FAM_MAE_DECLARADA|FAM_CONJUGE_CPF;stg_pessoa_fisica_atual_202606191707.csv|denodo_base_cadastral.csv;;;false;Membro da familia com participacao direta ou indireta em empresas do grupo.
G00047;PF:90000000418;MEMBRO_FAMILIA;CORE;DIRETO;;PF:90000000418;0;82;70;FAM_PAI_DECLARADO|FAM_MAE_DECLARADA|FAM_CONJUGE_CPF;stg_pessoa_fisica_atual_202606191707.csv|denodo_base_cadastral.csv;;;false;Membro da familia com participacao direta ou indireta em empresas do grupo.
G00047;PF:90000000507;MEMBRO_FAMILIA;CORE;DIRETO;;PF:90000000507;0;82;70;FAM_PAI_DECLARADO|FAM_MAE_DECLARADA|FAM_CONJUGE_CPF;stg_pessoa_fisica_atual_202606191707.csv|denodo_base_cadastral.csv;;;false;Membro da familia com participacao direta ou indireta em empresas do grupo.
G00047;PF:90000000680;MEMBRO_FAMILIA;CORE;DIRETO;;PF:90000000680;0;82;70;FAM_PAI_DECLARADO|FAM_MAE_DECLARADA|FAM_CONJUGE_CPF;stg_pessoa_fisica_atual_202606191707.csv|denodo_base_cadastral.csv;;;false;Membro da familia com participacao direta ou indireta em empresas do grupo.
G00047;PJ:90100001000109;EMPRESA_DA_FAMILIA;CORE;DIRETO;PF:90000000175;familia->PF:90000000175->SOCIO_DE/PARTICIPACAO_INDIRETA->PJ:90100001000109;2;80;85;SOC_SOCIO_DIRETO|SOC_PARTICIPACAO_INDIRETA|SOC_PARTICIPACAO_FAMILIAR;stg_cadastro_socio_pj_202606191707.csv;;;false;Empresa com participacao direta ou indireta de membros da familia.
G00047;PJ:90100002000145;EMPRESA_DA_FAMILIA;CORE;DIRETO;PF:90000000175;familia->PF:90000000175->SOCIO_DE/PARTICIPACAO_INDIRETA->PJ:90100002000145;2;80;85;SOC_SOCIO_DIRETO|SOC_PARTICIPACAO_INDIRETA|SOC_PARTICIPACAO_FAMILIAR;stg_cadastro_socio_pj_202606191707.csv;;;false;Empresa com participacao direta ou indireta de membros da familia.
G00047;PJ:90100003000190;EMPRESA_DA_FAMILIA;CORE;DIRETO;PF:90000000175;familia->PF:90000000175->SOCIO_DE/PARTICIPACAO_INDIRETA->PJ:90100003000190;2;80;85;SOC_SOCIO_DIRETO|SOC_PARTICIPACAO_INDIRETA|SOC_PARTICIPACAO_FAMILIAR;stg_cadastro_socio_pj_202606191707.csv;;;false;Empresa com participacao direta ou indireta de membros da familia.
G00047;PJ:90100004000134;EMPRESA_DA_FAMILIA;CORE;DIRETO;PF:90000000175;familia->PF:90000000175->SOCIO_DE/PARTICIPACAO_INDIRETA->PJ:90100004000134;2;80;85;SOC_SOCIO_DIRETO|SOC_PARTICIPACAO_INDIRETA|SOC_PARTICIPACAO_FAMILIAR;stg_cadastro_socio_pj_202606191707.csv;;;false;Empresa com participacao direta ou indireta de membros da familia.
G00047;PJ:90100008000112;EMPRESA_DA_FAMILIA;CORE;DIRETO;PF:90000000175;familia->PF:90000000175->SOCIO_DE/PARTICIPACAO_INDIRETA->PJ:90100008000112;2;80;85;SOC_SOCIO_DIRETO|SOC_PARTICIPACAO_INDIRETA|SOC_PARTICIPACAO_FAMILIAR;stg_cadastro_socio_pj_202606191707.csv;;;false;Empresa com participacao direta ou indireta de membros da familia.
G00047;PJ:90100012000180;EMPRESA_DA_FAMILIA;CORE;DIRETO;PF:90000000175;familia->PF:90000000175->SOCIO_DE/PARTICIPACAO_INDIRETA->PJ:90100012000180;2;80;85;SOC_SOCIO_DIRETO|SOC_PARTICIPACAO_INDIRETA|SOC_PARTICIPACAO_FAMILIAR;stg_cadastro_socio_pj_202606191707.csv;;;false;Empresa com participacao direta ou indireta de membros da familia.
G00048;PFX:24f6e395c74821;MEMBRO_FAMILIA;ASSOCIADO;DIRETO;;PFX:24f6e395c74821;0;70;45;FAM_PAI_DECLARADO|FAM_MAE_DECLARADA|FAM_CONJUGE_CPF;stg_pessoa_fisica_atual_202606191707.csv|denodo_base_cadastral.csv;;;true;Membro da familia com participacao direta ou indireta em empresas do grupo.
G00048;PFX:266169c8b90e00;MEMBRO_FAMILIA;ASSOCIADO;DIRETO;;PFX:266169c8b90e00;0;70;45;FAM_PAI_DECLARADO|FAM_MAE_DECLARADA|FAM_CONJUGE_CPF;stg_pessoa_fisica_atual_202606191707.csv|denodo_base_cadastral.csv;;;true;Membro da familia com participacao direta ou indireta em empresas do grupo.
G00048;PFX:924f36839431d0;MEMBRO_FAMILIA;ASSOCIADO;DIRETO;;PFX:924f36839431d0;0;70;45;FAM_PAI_DECLARADO|FAM_MAE_DECLARADA|FAM_CONJUGE_CPF;stg_pessoa_fisica_atual_202606191707.csv|denodo_base_cadastral.csv;;;true;Membro da familia com participacao direta ou indireta em empresas do grupo.
G00048;PFX:fcdad5fae862f7;MEMBRO_FAMILIA;ASSOCIADO;DIRETO;;PFX:fcdad5fae862f7;0;70;45;FAM_PAI_DECLARADO|FAM_MAE_DECLARADA|FAM_CONJUGE_CPF;stg_pessoa_fisica_atual_202606191707.csv|denodo_base_cadastral.csv;;;true;Membro da familia com participacao direta ou indireta em empresas do grupo.
G00048;PF:90000000841;MEMBRO_FAMILIA;CORE;DIRETO;;PF:90000000841;0;82;70;FAM_PAI_DECLARADO|FAM_MAE_DECLARADA|FAM_CONJUGE_CPF;stg_pessoa_fisica_atual_202606191707.csv|denodo_base_cadastral.csv;;;false;Membro da familia com participacao direta ou indireta em empresas do grupo.
G00048;PF:90000001066;MEMBRO_FAMILIA;CORE;DIRETO;;PF:90000001066;0;82;70;FAM_PAI_DECLARADO|FAM_MAE_DECLARADA|FAM_CONJUGE_CPF;stg_pessoa_fisica_atual_202606191707.csv|denodo_base_cadastral.csv;;;false;Membro da familia com participacao direta ou indireta em empresas do grupo.
G00048;PJ:90100003000190;EMPRESA_DA_FAMILIA;CORE;DIRETO;PF:90000000841;familia->PF:90000000841->SOCIO_DE/PARTICIPACAO_INDIRETA->PJ:90100003000190;2;80;85;SOC_SOCIO_DIRETO|SOC_PARTICIPACAO_INDIRETA|SOC_PARTICIPACAO_FAMILIAR;stg_cadastro_socio_pj_202606191707.csv;;;false;Empresa com participacao direta ou indireta de membros da familia.
G00049;PFX:8b7504b61d9532;MEMBRO_FAMILIA;ASSOCIADO;DIRETO;;PFX:8b7504b61d9532;0;70;45;FAM_PAI_DECLARADO|FAM_MAE_DECLARADA|FAM_CONJUGE_CPF;stg_pessoa_fisica_atual_202606191707.csv|denodo_base_cadastral.csv;;;true;Membro da familia com participacao direta ou indireta em empresas do grupo.
G00049;PFX:b8ba95ff0d0365;MEMBRO_FAMILIA;ASSOCIADO;DIRETO;;PFX:b8ba95ff0d0365;0;70;45;FAM_PAI_DECLARADO|FAM_MAE_DECLARADA|FAM_CONJUGE_CPF;stg_pessoa_fisica_atual_202606191707.csv|denodo_base_cadastral.csv;;;true;Membro da familia com participacao direta ou indireta em empresas do grupo.
G00049;PF:90000001570;MEMBRO_FAMILIA;CORE;DIRETO;;PF:90000001570;0;82;70;FAM_PAI_DECLARADO|FAM_MAE_DECLARADA|FAM_CONJUGE_CPF;stg_pessoa_fisica_atual_202606191707.csv|denodo_base_cadastral.csv;;;false;Membro da familia com participacao direta ou indireta em empresas do grupo.
G00049;PF:90000001651;MEMBRO_FAMILIA;CORE;DIRETO;;PF:90000001651;0;82;70;FAM_PAI_DECLARADO|FAM_MAE_DECLARADA|FAM_CONJUGE_CPF;stg_pessoa_fisica_atual_202606191707.csv|denodo_base_cadastral.csv;;;false;Membro da familia com participacao direta ou indireta em empresas do grupo.
G00049;PJ:11111111000111;EMPRESA_DA_FAMILIA;CORE;DIRETO;PF:90000001570;familia->PF:90000001570->SOCIO_DE/PARTICIPACAO_INDIRETA->PJ:11111111000111;2;80;85;SOC_SOCIO_DIRETO|SOC_PARTICIPACAO_INDIRETA|SOC_PARTICIPACAO_FAMILIAR;stg_cadastro_socio_pj_202606191707.csv;;;false;Empresa com participacao direta ou indireta de membros da familia.
G00050;PF:90000000175;CONTROLADOR;CORE;DIRETO;;PF:90000000175;0;88;95;SOC_CONTROLADOR_DIRETO;stg_cadastro_socio_pj_202606191707.csv;;;false;Controlador direto ou controlador de cadeia societaria.
G00050;PJ:90100001000109;EMPRESA_CONTROLADA;CORE;DIRETO;PF:90000000175;PF:90000000175->CONTROLADOR_DIRETO/CADEIA->PJ:90100001000109;2;84;95;SOC_CONTROLADOR_DIRETO|SOC_CONTROLADOR_COMUM;stg_cadastro_socio_pj_202606191707.csv;;;false;Empresa sob controle direto ou cadeia controlada.
G00050;PJ:90100002000145;EMPRESA_CONTROLADA;CORE;DIRETO;PF:90000000175;PF:90000000175->CONTROLADOR_DIRETO/CADEIA->PJ:90100002000145;2;84;95;SOC_CONTROLADOR_DIRETO|SOC_CONTROLADOR_COMUM;stg_cadastro_socio_pj_202606191707.csv;;;false;Empresa sob controle direto ou cadeia controlada.
G00050;PJ:90100012000180;EMPRESA_CONTROLADA;CORE;DIRETO;PF:90000000175;PF:90000000175->CONTROLADOR_DIRETO/CADEIA->PJ:90100012000180;2;84;95;SOC_CONTROLADOR_DIRETO|SOC_CONTROLADOR_COMUM;stg_cadastro_socio_pj_202606191707.csv;;;false;Empresa sob controle direto ou cadeia controlada.
G00051;PJ:90100001000109;CONTROLADOR;CORE;DIRETO;;PJ:90100001000109;0;88;95;SOC_CONTROLADOR_DIRETO;stg_cadastro_socio_pj_202606191707.csv;;;false;Controlador direto ou controlador de cadeia societaria.
G00051;PJ:90100002000145;EMPRESA_CONTROLADA;CORE;DIRETO;PJ:90100001000109;PJ:90100001000109->CONTROLADOR_DIRETO/CADEIA->PJ:90100002000145;2;84;95;SOC_CONTROLADOR_DIRETO|SOC_CONTROLADOR_COMUM;stg_cadastro_socio_pj_202606191707.csv;;;false;Empresa sob controle direto ou cadeia controlada.
G00052;PF:90000000841;CONTROLADOR;CORE;DIRETO;;PF:90000000841;0;88;95;SOC_CONTROLADOR_DIRETO;stg_cadastro_socio_pj_202606191707.csv;;;false;Controlador direto ou controlador de cadeia societaria.
G00052;PJ:90100003000190;EMPRESA_CONTROLADA;CORE;DIRETO;PF:90000000841;PF:90000000841->CONTROLADOR_DIRETO/CADEIA->PJ:90100003000190;2;84;95;SOC_CONTROLADOR_DIRETO|SOC_CONTROLADOR_COMUM;stg_cadastro_socio_pj_202606191707.csv;;;false;Empresa sob controle direto ou cadeia controlada.
G00053;PF:90000002542;CONTROLADOR;CORE;DIRETO;;PF:90000002542;0;88;95;SOC_CONTROLADOR_DIRETO;stg_cadastro_socio_pj_202606191707.csv;;;false;Controlador direto ou controlador de cadeia societaria.
G00053;PJ:90100005000189;EMPRESA_CONTROLADA;CORE;DIRETO;PF:90000002542;PF:90000002542->CONTROLADOR_DIRETO/CADEIA->PJ:90100005000189;2;84;95;SOC_CONTROLADOR_DIRETO|SOC_CONTROLADOR_COMUM;stg_cadastro_socio_pj_202606191707.csv;;;false;Empresa sob controle direto ou cadeia controlada.
G00054;PJ:90100006000123;EMPRESA_CONTROLADA;CORE;DIRETO;PJ:90100007000178;PJ:90100007000178->CONTROLADOR_DIRETO/CADEIA->PJ:90100006000123;2;84;95;SOC_CONTROLADOR_DIRETO|SOC_CONTROLADOR_COMUM;stg_cadastro_socio_pj_202606191707.csv;;;false;Empresa sob controle direto ou cadeia controlada.
G00054;PJ:90100007000178;CONTROLADOR;CORE;DIRETO;;PJ:90100007000178;0;88;95;SOC_CONTROLADOR_DIRETO;stg_cadastro_socio_pj_202606191707.csv;;;false;Controlador direto ou controlador de cadeia societaria.
G00054;PJ:90100007000178;EMPRESA_CONTROLADA;CORE;DIRETO;PJ:90100007000178;PJ:90100007000178->CONTROLADOR_DIRETO/CADEIA->PJ:90100007000178;2;84;95;SOC_CONTROLADOR_DIRETO|SOC_CONTROLADOR_COMUM;stg_cadastro_socio_pj_202606191707.csv;;;false;Empresa sob controle direto ou cadeia controlada.
G00055;PJ:90100006000123;CONTROLADOR;CORE;DIRETO;;PJ:90100006000123;0;88;95;SOC_CONTROLADOR_DIRETO;stg_cadastro_socio_pj_202606191707.csv;;;false;Controlador direto ou controlador de cadeia societaria.
G00055;PJ:90100006000123;EMPRESA_CONTROLADA;CORE;DIRETO;PJ:90100006000123;PJ:90100006000123->CONTROLADOR_DIRETO/CADEIA->PJ:90100006000123;2;84;95;SOC_CONTROLADOR_DIRETO|SOC_CONTROLADOR_COMUM;stg_cadastro_socio_pj_202606191707.csv;;;false;Empresa sob controle direto ou cadeia controlada.
G00055;PJ:90100007000178;EMPRESA_CONTROLADA;CORE;DIRETO;PJ:90100006000123;PJ:90100006000123->CONTROLADOR_DIRETO/CADEIA->PJ:90100007000178;2;84;95;SOC_CONTROLADOR_DIRETO|SOC_CONTROLADOR_COMUM;stg_cadastro_socio_pj_202606191707.csv;;;false;Empresa sob controle direto ou cadeia controlada.
G00056;PJ:90100010000191;CONTROLADOR;CORE;DIRETO;;PJ:90100010000191;0;88;95;SOC_CONTROLADOR_DIRETO;stg_cadastro_socio_pj_202606191707.csv;;;false;Controlador direto ou controlador de cadeia societaria.
G00056;PJ:90100010000191;EMPRESA_CONTROLADA;CORE;DIRETO;PJ:90100010000191;PJ:90100010000191->CONTROLADOR_DIRETO/CADEIA->PJ:90100010000191;2;84;95;SOC_CONTROLADOR_DIRETO|SOC_CONTROLADOR_COMUM;stg_cadastro_socio_pj_202606191707.csv;;;false;Empresa sob controle direto ou cadeia controlada.
G00057;PF:90000000680;CONTROLADOR;CORE;DIRETO;;PF:90000000680;0;88;95;SOC_CONTROLADOR_DIRETO;stg_cadastro_socio_pj_202606191707.csv;;;false;Controlador direto ou controlador de cadeia societaria.
G00057;PJ:90100008000112;EMPRESA_CONTROLADA;CORE;DIRETO;PF:90000000680;PF:90000000680->CONTROLADOR_DIRETO/CADEIA->PJ:90100008000112;2;84;95;SOC_CONTROLADOR_DIRETO|SOC_CONTROLADOR_COMUM;stg_cadastro_socio_pj_202606191707.csv;;;false;Empresa sob controle direto ou cadeia controlada.
G00058;PF:90000001570;CONTROLADOR;CORE;DIRETO;;PF:90000001570;0;88;95;SOC_CONTROLADOR_DIRETO;stg_cadastro_socio_pj_202606191707.csv;;;false;Controlador direto ou controlador de cadeia societaria.
G00058;PJ:11111111000111;EMPRESA_CONTROLADA;CORE;DIRETO;PF:90000001570;PF:90000001570->CONTROLADOR_DIRETO/CADEIA->PJ:11111111000111;2;84;95;SOC_CONTROLADOR_DIRETO|SOC_CONTROLADOR_COMUM;stg_cadastro_socio_pj_202606191707.csv;;;false;Empresa sob controle direto ou cadeia controlada.
G00059;PF:90000000337;RECEPTOR_DEPENDENCIA_CANDIDATA;CORE;DIRETO;;PF:90000000337;0;75;85;ECO_DEPENDENCIA_CANDIDATA;mv_movimentacoes.csv;;;true;Destino com concentracao material de entradas/saidas.
G00059;PJ:90100002000145;FONTE_RECURSOS;CORE;DIRETO;;PJ:90100002000145;0;75;85;ECO_DEPENDENCIA_CANDIDATA;mv_movimentacoes.csv;;;true;Origem de fluxo material e recorrente.
G00060;PF:90000000337;FONTE_RECURSOS;CORE;DIRETO;;PF:90000000337;0;75;85;ECO_DEPENDENCIA_CANDIDATA;mv_movimentacoes.csv;;;true;Origem de fluxo material e recorrente.
G00060;PF:90000000507;RECEPTOR_DEPENDENCIA_CANDIDATA;CORE;DIRETO;;PF:90000000507;0;75;85;ECO_DEPENDENCIA_CANDIDATA;mv_movimentacoes.csv;;;true;Destino com concentracao material de entradas/saidas.
G00061;PF:90000000175;FONTE_RECURSOS;CORE;DIRETO;;PF:90000000175;0;75;85;ECO_DEPENDENCIA_CANDIDATA;mv_movimentacoes.csv;;;true;Origem de fluxo material e recorrente.
G00061;PF:90000000256;RECEPTOR_DEPENDENCIA_CANDIDATA;CORE;DIRETO;;PF:90000000256;0;75;85;ECO_DEPENDENCIA_CANDIDATA;mv_movimentacoes.csv;;;true;Destino com concentracao material de entradas/saidas.
G00062;PF:90000000841;FONTE_RECURSOS;CORE;DIRETO;;PF:90000000841;0;75;85;ECO_DEPENDENCIA_CANDIDATA;mv_movimentacoes.csv;;;true;Origem de fluxo material e recorrente.
G00062;PJ:90100003000190;RECEPTOR_DEPENDENCIA_CANDIDATA;CORE;DIRETO;;PJ:90100003000190;0;75;85;ECO_DEPENDENCIA_CANDIDATA;mv_movimentacoes.csv;;;true;Destino com concentracao material de entradas/saidas.
G00063;PF:90000000841;RECEPTOR_DEPENDENCIA_CANDIDATA;CORE;DIRETO;;PF:90000000841;0;75;85;ECO_DEPENDENCIA_CANDIDATA;mv_movimentacoes.csv;;;true;Destino com concentracao material de entradas/saidas.
G00063;PJ:90100003000190;FONTE_RECURSOS;CORE;DIRETO;;PJ:90100003000190;0;75;85;ECO_DEPENDENCIA_CANDIDATA;mv_movimentacoes.csv;;;true;Origem de fluxo material e recorrente.
G00064;PF:90000000922;FONTE_RECURSOS;CORE;DIRETO;;PF:90000000922;0;75;85;ECO_DEPENDENCIA_CANDIDATA;mv_movimentacoes.csv;;;true;Origem de fluxo material e recorrente.
G00064;PJ:90100001000109;RECEPTOR_DEPENDENCIA_CANDIDATA;CORE;DIRETO;;PJ:90100001000109;0;75;85;ECO_DEPENDENCIA_CANDIDATA;mv_movimentacoes.csv;;;true;Destino com concentracao material de entradas/saidas.
G00065;PF:90000002542;FONTE_RECURSOS;CORE;DIRETO;;PF:90000002542;0;75;85;ECO_DEPENDENCIA_CANDIDATA;mv_movimentacoes.csv;;;true;Origem de fluxo material e recorrente.
G00065;PJ:90100005000189;RECEPTOR_DEPENDENCIA_CANDIDATA;CORE;DIRETO;;PJ:90100005000189;0;75;85;ECO_DEPENDENCIA_CANDIDATA;mv_movimentacoes.csv;;;true;Destino com concentracao material de entradas/saidas.
G00066;PF:90000002623;FONTE_RECURSOS;CORE;DIRETO;;PF:90000002623;0;75;85;ECO_DEPENDENCIA_CANDIDATA;mv_movimentacoes.csv;;;true;Origem de fluxo material e recorrente.
G00066;PJ:90100005000189;RECEPTOR_DEPENDENCIA_CANDIDATA;CORE;DIRETO;;PJ:90100005000189;0;75;85;ECO_DEPENDENCIA_CANDIDATA;mv_movimentacoes.csv;;;true;Destino com concentracao material de entradas/saidas.
G00067;PF:90000000680;FONTE_RECURSOS;CORE;DIRETO;;PF:90000000680;0;75;85;ECO_DEPENDENCIA_CANDIDATA;mv_movimentacoes.csv;;;true;Origem de fluxo material e recorrente.
G00067;PJ:90100008000112;RECEPTOR_DEPENDENCIA_CANDIDATA;CORE;DIRETO;;PJ:90100008000112;0;75;85;ECO_DEPENDENCIA_CANDIDATA;mv_movimentacoes.csv;;;true;Destino com concentracao material de entradas/saidas.
G00068;PF:90000000175;PARTE_INDICIO_FRACO;CANDIDATO;DIRETO;;PF:90000000175;0;55;35;CAD_ENDERECO_EXATO|CAD_CONTATO_COMPARTILHADO;stg_pessoa_fisica_atual_202606191707.csv;;;true;"Endereco ou contato compartilhado; nao forma grupo central."
G00068;PF:90000000256;PARTE_INDICIO_FRACO;CANDIDATO;DIRETO;;PF:90000000256;0;55;35;CAD_ENDERECO_EXATO|CAD_CONTATO_COMPARTILHADO;stg_pessoa_fisica_atual_202606191707.csv;;;true;"Endereco ou contato compartilhado; nao forma grupo central."
G00069;PF:90000000175;PARTE_INDICIO_FRACO;CANDIDATO;DIRETO;;PF:90000000175;0;55;35;CAD_ENDERECO_EXATO|CAD_CONTATO_COMPARTILHADO;stg_pessoa_fisica_atual_202606191707.csv;;;true;"Endereco ou contato compartilhado; nao forma grupo central."
G00069;PF:90000000418;PARTE_INDICIO_FRACO;CANDIDATO;DIRETO;;PF:90000000418;0;55;35;CAD_ENDERECO_EXATO|CAD_CONTATO_COMPARTILHADO;stg_pessoa_fisica_atual_202606191707.csv;;;true;"Endereco ou contato compartilhado; nao forma grupo central."
G00070;PF:90000000256;PARTE_INDICIO_FRACO;CANDIDATO;DIRETO;;PF:90000000256;0;55;35;CAD_ENDERECO_EXATO|CAD_CONTATO_COMPARTILHADO;stg_pessoa_fisica_atual_202606191707.csv;;;true;"Endereco ou contato compartilhado; nao forma grupo central."
G00070;PF:90000000418;PARTE_INDICIO_FRACO;CANDIDATO;DIRETO;;PF:90000000418;0;55;35;CAD_ENDERECO_EXATO|CAD_CONTATO_COMPARTILHADO;stg_pessoa_fisica_atual_202606191707.csv;;;true;"Endereco ou contato compartilhado; nao forma grupo central."
G00071;PF:90000002038;PARTE_INDICIO_FRACO;CANDIDATO;DIRETO;;PF:90000002038;0;55;35;CAD_ENDERECO_EXATO|CAD_CONTATO_COMPARTILHADO;stg_pessoa_fisica_atual_202606191707.csv;;;true;"Endereco ou contato compartilhado; nao forma grupo central."
G00071;PF:90000002119;PARTE_INDICIO_FRACO;CANDIDATO;DIRETO;;PF:90000002119;0;55;35;CAD_ENDERECO_EXATO|CAD_CONTATO_COMPARTILHADO;stg_pessoa_fisica_atual_202606191707.csv;;;true;"Endereco ou contato compartilhado; nao forma grupo central."
G00072;PF:90000002380;PARTE_INDICIO_FRACO;CANDIDATO;DIRETO;;PF:90000002380;0;55;35;CAD_ENDERECO_EXATO|CAD_CONTATO_COMPARTILHADO;stg_pessoa_fisica_atual_202606191707.csv;;;true;"Endereco ou contato compartilhado; nao forma grupo central."
G00072;PF:90000002461;PARTE_INDICIO_FRACO;CANDIDATO;DIRETO;;PF:90000002461;0;55;35;CAD_ENDERECO_EXATO|CAD_CONTATO_COMPARTILHADO;stg_pessoa_fisica_atual_202606191707.csv;;;true;"Endereco ou contato compartilhado; nao forma grupo central."
GE:321:99903;PF:90000000841;MEMBRO_GRUPO_EXISTENTE;CORE;DIRETO;GE:321:99903;PF:90000000841->PERTENCE_A_GRUPO_EXISTENTE->GE:321:99903;1;98;90;DENODO_PESSOA_GRUPO;denodo_pessoa_grupo.csv;2025-01-01 00:00:00;;false;"Membro importado da view pessoa_grupo; cod_grupo=99903."
GE:321:99903;PJ:90100003000190;MEMBRO_GRUPO_EXISTENTE;CORE;DIRETO;GE:321:99903;PJ:90100003000190->PERTENCE_A_GRUPO_EXISTENTE->GE:321:99903;1;98;90;DENODO_PESSOA_GRUPO;denodo_pessoa_grupo.csv;2025-01-01 00:00:00;;false;"Membro importado da view pessoa_grupo; cod_grupo=99903."
GE:737:77701;PF:90000000175;MEMBRO_GRUPO_EXISTENTE;CORE;DIRETO;GE:737:77701;PF:90000000175->PERTENCE_A_GRUPO_EXISTENTE->GE:737:77701;1;98;90;DENODO_PESSOA_GRUPO;denodo_pessoa_grupo.csv;2025-01-01 00:00:00;;false;"Membro importado da view pessoa_grupo; cod_grupo=77701."
GE:737:77701;PF:90000000256;MEMBRO_GRUPO_EXISTENTE;CORE;DIRETO;GE:737:77701;PF:90000000256->PERTENCE_A_GRUPO_EXISTENTE->GE:737:77701;1;98;90;DENODO_PESSOA_GRUPO;denodo_pessoa_grupo.csv;2025-01-01 00:00:00;;false;"Membro importado da view pessoa_grupo; cod_grupo=77701."
GE:737:77701;PJ:90100001000109;MEMBRO_GRUPO_EXISTENTE;CORE;DIRETO;GE:737:77701;PJ:90100001000109->PERTENCE_A_GRUPO_EXISTENTE->GE:737:77701;1;98;90;DENODO_PESSOA_GRUPO;denodo_pessoa_grupo.csv;2025-01-01 00:00:00;;false;"Membro importado da view pessoa_grupo; cod_grupo=77701."
GE:737:88802;PF:90000000175;MEMBRO_GRUPO_EXISTENTE;CORE;DIRETO;GE:737:88802;PF:90000000175->PERTENCE_A_GRUPO_EXISTENTE->GE:737:88802;1;98;90;DENODO_PESSOA_GRUPO;denodo_pessoa_grupo.csv;2025-01-01 00:00:00;;false;"Membro importado da view pessoa_grupo; cod_grupo=88802."
GE:737:88802;PJ:90100002000145;MEMBRO_GRUPO_EXISTENTE;CORE;DIRETO;GE:737:88802;PJ:90100002000145->PERTENCE_A_GRUPO_EXISTENTE->GE:737:88802;1;98;90;DENODO_PESSOA_GRUPO;denodo_pessoa_grupo.csv;2025-01-01 00:00:00;;false;"Membro importado da view pessoa_grupo; cod_grupo=88802."
