vinculo_id;entidade_origem;entidade_destino;tipo_vinculo;direcional;percentual_participacao;confianca_vinculo;relevancia_familiar;relevancia_societaria;relevancia_regulatoria;data_inicio;data_fim;data_observacao;codigo_regra;arquivo_fonte;campos_fonte;evidencias;requer_revisao
V00001;ESPOLIO:90000000922;PF:90000000922;ESPOLIO_DE;SIM;;95;70;0;0;;;2026-06-30;ID_CPF_EXATO;stg_pessoa_fisica_atual_202606191707.csv;"cpf_cnpj;dat_obito";Pessoa falecida mantida no historico por entidade de espolio.;false
V00002;PF:90000000175;PFX:156bd2f2b9d738;FILHO_DE;SIM;;70;60;0;0;;;2026-06-30;FAM_PAI_DECLARADO;stg_pessoa_fisica_atual_202606191707.csv;nom_pai;"Filiacao declarada no cadastro PF; papel=PAI.";true
V00003;PFX:156bd2f2b9d738;PF:90000000175;PAI_DE;SIM;;70;60;0;0;;;2026-06-30;FAM_PAI_DECLARADO;stg_pessoa_fisica_atual_202606191707.csv;nom_pai;"Vinculo inverso derivado de FILHO_DE; papel=PAI.";true
V00004;PF:90000000175;PFX:1b2b8f9fb9616c;FILHO_DE;SIM;;70;60;0;0;;;2026-06-30;FAM_MAE_DECLARADA;stg_pessoa_fisica_atual_202606191707.csv;nom_mae;"Filiacao declarada no cadastro PF; papel=MAE.";true
V00005;PFX:1b2b8f9fb9616c;PF:90000000175;MAE_DE;SIM;;70;60;0;0;;;2026-06-30;FAM_MAE_DECLARADA;stg_pessoa_fisica_atual_202606191707.csv;nom_mae;"Vinculo inverso derivado de FILHO_DE; papel=MAE.";true
V00006;PF:90000000256;PFX:dcdcb41545027c;FILHO_DE;SIM;;70;60;0;0;;;2026-06-30;FAM_PAI_DECLARADO;stg_pessoa_fisica_atual_202606191707.csv;nom_pai;"Filiacao declarada no cadastro PF; papel=PAI.";true
V00007;PFX:dcdcb41545027c;PF:90000000256;PAI_DE;SIM;;70;60;0;0;;;2026-06-30;FAM_PAI_DECLARADO;stg_pessoa_fisica_atual_202606191707.csv;nom_pai;"Vinculo inverso derivado de FILHO_DE; papel=PAI.";true
V00008;PF:90000000256;PFX:c57abe4f951f2a;FILHO_DE;SIM;;70;60;0;0;;;2026-06-30;FAM_MAE_DECLARADA;stg_pessoa_fisica_atual_202606191707.csv;nom_mae;"Filiacao declarada no cadastro PF; papel=MAE.";true
V00009;PFX:c57abe4f951f2a;PF:90000000256;MAE_DE;SIM;;70;60;0;0;;;2026-06-30;FAM_MAE_DECLARADA;stg_pessoa_fisica_atual_202606191707.csv;nom_mae;"Vinculo inverso derivado de FILHO_DE; papel=MAE.";true
V00010;PF:90000000337;PF:90000000175;FILHO_DE;SIM;;90;90;0;0;;;2026-06-30;FAM_PAI_DECLARADO;stg_pessoa_fisica_atual_202606191707.csv;"nom_pai;cpf_cnpj;nome_pessoa";"Filiacao declarada no cadastro PF; papel=PAI.";false
V00011;PF:90000000175;PF:90000000337;PAI_DE;SIM;;90;90;0;0;;;2026-06-30;FAM_PAI_DECLARADO;stg_pessoa_fisica_atual_202606191707.csv;"nom_pai;cpf_cnpj;nome_pessoa";"Vinculo inverso derivado de FILHO_DE; papel=PAI.";false
V00012;PF:90000000337;PF:90000000256;FILHO_DE;SIM;;90;90;0;0;;;2026-06-30;FAM_MAE_DECLARADA;stg_pessoa_fisica_atual_202606191707.csv;"nom_mae;cpf_cnpj;nome_pessoa";"Filiacao declarada no cadastro PF; papel=MAE.";false
V00013;PF:90000000256;PF:90000000337;MAE_DE;SIM;;90;90;0;0;;;2026-06-30;FAM_MAE_DECLARADA;stg_pessoa_fisica_atual_202606191707.csv;"nom_mae;cpf_cnpj;nome_pessoa";"Vinculo inverso derivado de FILHO_DE; papel=MAE.";false
V00014;PF:90000000418;PF:90000000175;FILHO_DE;SIM;;90;90;0;0;;;2026-06-30;FAM_PAI_DECLARADO;stg_pessoa_fisica_atual_202606191707.csv;"nom_pai;cpf_cnpj;nome_pessoa";"Filiacao declarada no cadastro PF; papel=PAI.";false
V00015;PF:90000000175;PF:90000000418;PAI_DE;SIM;;90;90;0;0;;;2026-06-30;FAM_PAI_DECLARADO;stg_pessoa_fisica_atual_202606191707.csv;"nom_pai;cpf_cnpj;nome_pessoa";"Vinculo inverso derivado de FILHO_DE; papel=PAI.";false
V00016;PF:90000000418;PF:90000000256;FILHO_DE;SIM;;90;90;0;0;;;2026-06-30;FAM_MAE_DECLARADA;stg_pessoa_fisica_atual_202606191707.csv;"nom_mae;cpf_cnpj;nome_pessoa";"Filiacao declarada no cadastro PF; papel=MAE.";false
V00017;PF:90000000256;PF:90000000418;MAE_DE;SIM;;90;90;0;0;;;2026-06-30;FAM_MAE_DECLARADA;stg_pessoa_fisica_atual_202606191707.csv;"nom_mae;cpf_cnpj;nome_pessoa";"Vinculo inverso derivado de FILHO_DE; papel=MAE.";false
V00018;PF:90000000507;PFX:aacc48e15aad5c;FILHO_DE;SIM;;70;60;0;0;;;2026-06-30;FAM_PAI_DECLARADO;stg_pessoa_fisica_atual_202606191707.csv;nom_pai;"Filiacao declarada no cadastro PF; papel=PAI.";true
V00019;PFX:aacc48e15aad5c;PF:90000000507;PAI_DE;SIM;;70;60;0;0;;;2026-06-30;FAM_PAI_DECLARADO;stg_pessoa_fisica_atual_202606191707.csv;nom_pai;"Vinculo inverso derivado de FILHO_DE; papel=PAI.";true
V00020;PF:90000000507;PFX:76285605ea752a;FILHO_DE;SIM;;70;60;0;0;;;2026-06-30;FAM_MAE_DECLARADA;stg_pessoa_fisica_atual_202606191707.csv;nom_mae;"Filiacao declarada no cadastro PF; papel=MAE.";true
V00021;PFX:76285605ea752a;PF:90000000507;MAE_DE;SIM;;70;60;0;0;;;2026-06-30;FAM_MAE_DECLARADA;stg_pessoa_fisica_atual_202606191707.csv;nom_mae;"Vinculo inverso derivado de FILHO_DE; papel=MAE.";true
V00022;PF:90000000680;PFX:156bd2f2b9d738;FILHO_DE;SIM;;70;60;0;0;;;2026-06-30;FAM_PAI_DECLARADO;stg_pessoa_fisica_atual_202606191707.csv;nom_pai;"Filiacao declarada no cadastro PF; papel=PAI.";true
V00023;PFX:156bd2f2b9d738;PF:90000000680;PAI_DE;SIM;;70;60;0;0;;;2026-06-30;FAM_PAI_DECLARADO;stg_pessoa_fisica_atual_202606191707.csv;nom_pai;"Vinculo inverso derivado de FILHO_DE; papel=PAI.";true
V00024;PF:90000000680;PFX:1b2b8f9fb9616c;FILHO_DE;SIM;;70;60;0;0;;;2026-06-30;FAM_MAE_DECLARADA;stg_pessoa_fisica_atual_202606191707.csv;nom_mae;"Filiacao declarada no cadastro PF; papel=MAE.";true
V00025;PFX:1b2b8f9fb9616c;PF:90000000680;MAE_DE;SIM;;70;60;0;0;;;2026-06-30;FAM_MAE_DECLARADA;stg_pessoa_fisica_atual_202606191707.csv;nom_mae;"Vinculo inverso derivado de FILHO_DE; papel=MAE.";true
V00026;PF:90000000760;PFX:14b88acec7d96e;FILHO_DE;SIM;;70;60;0;0;;;2026-06-30;FAM_PAI_DECLARADO;stg_pessoa_fisica_atual_202606191707.csv;nom_pai;"Filiacao declarada no cadastro PF; papel=PAI.";true
V00027;PFX:14b88acec7d96e;PF:90000000760;PAI_DE;SIM;;70;60;0;0;;;2026-06-30;FAM_PAI_DECLARADO;stg_pessoa_fisica_atual_202606191707.csv;nom_pai;"Vinculo inverso derivado de FILHO_DE; papel=PAI.";true
V00028;PF:90000000760;PFX:ea6ae5047b60b5;FILHO_DE;SIM;;70;60;0;0;;;2026-06-30;FAM_MAE_DECLARADA;stg_pessoa_fisica_atual_202606191707.csv;nom_mae;"Filiacao declarada no cadastro PF; papel=MAE.";true
V00029;PFX:ea6ae5047b60b5;PF:90000000760;MAE_DE;SIM;;70;60;0;0;;;2026-06-30;FAM_MAE_DECLARADA;stg_pessoa_fisica_atual_202606191707.csv;nom_mae;"Vinculo inverso derivado de FILHO_DE; papel=MAE.";true
V00030;PF:90000000841;PFX:266169c8b90e00;FILHO_DE;SIM;;70;60;0;0;;;2026-06-30;FAM_PAI_DECLARADO;stg_pessoa_fisica_atual_202606191707.csv;nom_pai;"Filiacao declarada no cadastro PF; papel=PAI.";true
V00031;PFX:266169c8b90e00;PF:90000000841;PAI_DE;SIM;;70;60;0;0;;;2026-06-30;FAM_PAI_DECLARADO;stg_pessoa_fisica_atual_202606191707.csv;nom_pai;"Vinculo inverso derivado de FILHO_DE; papel=PAI.";true
V00032;PF:90000000841;PFX:fcdad5fae862f7;FILHO_DE;SIM;;70;60;0;0;;;2026-06-30;FAM_MAE_DECLARADA;stg_pessoa_fisica_atual_202606191707.csv;nom_mae;"Filiacao declarada no cadastro PF; papel=MAE.";true
V00033;PFX:fcdad5fae862f7;PF:90000000841;MAE_DE;SIM;;70;60;0;0;;;2026-06-30;FAM_MAE_DECLARADA;stg_pessoa_fisica_atual_202606191707.csv;nom_mae;"Vinculo inverso derivado de FILHO_DE; papel=MAE.";true
V00034;PF:90000000922;PFX:ebb0c0133e0723;FILHO_DE;SIM;;70;60;0;0;;;2026-06-30;FAM_PAI_DECLARADO;stg_pessoa_fisica_atual_202606191707.csv;nom_pai;"Filiacao declarada no cadastro PF; papel=PAI.";true
V00035;PFX:ebb0c0133e0723;PF:90000000922;PAI_DE;SIM;;70;60;0;0;;;2026-06-30;FAM_PAI_DECLARADO;stg_pessoa_fisica_atual_202606191707.csv;nom_pai;"Vinculo inverso derivado de FILHO_DE; papel=PAI.";true
V00036;PF:90000000922;PFX:8c958677f2961d;FILHO_DE;SIM;;70;60;0;0;;;2026-06-30;FAM_MAE_DECLARADA;stg_pessoa_fisica_atual_202606191707.csv;nom_mae;"Filiacao declarada no cadastro PF; papel=MAE.";true
V00037;PFX:8c958677f2961d;PF:90000000922;MAE_DE;SIM;;70;60;0;0;;;2026-06-30;FAM_MAE_DECLARADA;stg_pessoa_fisica_atual_202606191707.csv;nom_mae;"Vinculo inverso derivado de FILHO_DE; papel=MAE.";true
V00038;PF:90000001066;PFX:24f6e395c74821;FILHO_DE;SIM;;70;60;0;0;;;2026-06-30;FAM_PAI_DECLARADO;stg_pessoa_fisica_atual_202606191707.csv;nom_pai;"Filiacao declarada no cadastro PF; papel=PAI.";true
V00039;PFX:24f6e395c74821;PF:90000001066;PAI_DE;SIM;;70;60;0;0;;;2026-06-30;FAM_PAI_DECLARADO;stg_pessoa_fisica_atual_202606191707.csv;nom_pai;"Vinculo inverso derivado de FILHO_DE; papel=PAI.";true
V00040;PF:90000001066;PFX:924f36839431d0;FILHO_DE;SIM;;70;60;0;0;;;2026-06-30;FAM_MAE_DECLARADA;stg_pessoa_fisica_atual_202606191707.csv;nom_mae;"Filiacao declarada no cadastro PF; papel=MAE.";true
V00041;PFX:924f36839431d0;PF:90000001066;MAE_DE;SIM;;70;60;0;0;;;2026-06-30;FAM_MAE_DECLARADA;stg_pessoa_fisica_atual_202606191707.csv;nom_mae;"Vinculo inverso derivado de FILHO_DE; papel=MAE.";true
V00042;PF:90000001147;PFX:3041a6306a4fbf;FILHO_DE;SIM;;70;60;0;0;;;2026-06-30;FAM_PAI_DECLARADO;stg_pessoa_fisica_atual_202606191707.csv;nom_pai;"Filiacao declarada no cadastro PF; papel=PAI.";true
V00043;PFX:3041a6306a4fbf;PF:90000001147;PAI_DE;SIM;;70;60;0;0;;;2026-06-30;FAM_PAI_DECLARADO;stg_pessoa_fisica_atual_202606191707.csv;nom_pai;"Vinculo inverso derivado de FILHO_DE; papel=PAI.";true
V00044;PF:90000001147;PFX:26e3e0b75ceee7;FILHO_DE;SIM;;70;60;0;0;;;2026-06-30;FAM_MAE_DECLARADA;stg_pessoa_fisica_atual_202606191707.csv;nom_mae;"Filiacao declarada no cadastro PF; papel=MAE.";true
V00045;PFX:26e3e0b75ceee7;PF:90000001147;MAE_DE;SIM;;70;60;0;0;;;2026-06-30;FAM_MAE_DECLARADA;stg_pessoa_fisica_atual_202606191707.csv;nom_mae;"Vinculo inverso derivado de FILHO_DE; papel=MAE.";true
V00046;PF:90000001228;PFX:7da71ea421c4bf;FILHO_DE;SIM;;70;60;0;0;;;2026-06-30;FAM_PAI_DECLARADO;stg_pessoa_fisica_atual_202606191707.csv;nom_pai;"Filiacao declarada no cadastro PF; papel=PAI.";true
V00047;PFX:7da71ea421c4bf;PF:90000001228;PAI_DE;SIM;;70;60;0;0;;;2026-06-30;FAM_PAI_DECLARADO;stg_pessoa_fisica_atual_202606191707.csv;nom_pai;"Vinculo inverso derivado de FILHO_DE; papel=PAI.";true
V00048;PF:90000001228;PFX:ab5c876101cdd1;FILHO_DE;SIM;;70;60;0;0;;;2026-06-30;FAM_MAE_DECLARADA;stg_pessoa_fisica_atual_202606191707.csv;nom_mae;"Filiacao declarada no cadastro PF; papel=MAE.";true
V00049;PFX:ab5c876101cdd1;PF:90000001228;MAE_DE;SIM;;70;60;0;0;;;2026-06-30;FAM_MAE_DECLARADA;stg_pessoa_fisica_atual_202606191707.csv;nom_mae;"Vinculo inverso derivado de FILHO_DE; papel=MAE.";true
V00050;PF:90000001309;PFX:8010bfff8fd00c;FILHO_DE;SIM;;70;60;0;0;;;2026-06-30;FAM_PAI_DECLARADO;stg_pessoa_fisica_atual_202606191707.csv;nom_pai;"Filiacao declarada no cadastro PF; papel=PAI.";true
V00051;PFX:8010bfff8fd00c;PF:90000001309;PAI_DE;SIM;;70;60;0;0;;;2026-06-30;FAM_PAI_DECLARADO;stg_pessoa_fisica_atual_202606191707.csv;nom_pai;"Vinculo inverso derivado de FILHO_DE; papel=PAI.";true
V00052;PF:90000001309;PFX:2365332cd07e04;FILHO_DE;SIM;;70;60;0;0;;;2026-06-30;FAM_MAE_DECLARADA;stg_pessoa_fisica_atual_202606191707.csv;nom_mae;"Filiacao declarada no cadastro PF; papel=MAE.";true
V00053;PFX:2365332cd07e04;PF:90000001309;MAE_DE;SIM;;70;60;0;0;;;2026-06-30;FAM_MAE_DECLARADA;stg_pessoa_fisica_atual_202606191707.csv;nom_mae;"Vinculo inverso derivado de FILHO_DE; papel=MAE.";true
V00054;PF:90000001490;PFX:15f28af0a886da;FILHO_DE;SIM;;70;60;0;0;;;2026-06-30;FAM_PAI_DECLARADO;stg_pessoa_fisica_atual_202606191707.csv;nom_pai;"Filiacao declarada no cadastro PF; papel=PAI.";true
V00055;PFX:15f28af0a886da;PF:90000001490;PAI_DE;SIM;;70;60;0;0;;;2026-06-30;FAM_PAI_DECLARADO;stg_pessoa_fisica_atual_202606191707.csv;nom_pai;"Vinculo inverso derivado de FILHO_DE; papel=PAI.";true
V00056;PF:90000001490;PFX:ad062547a9b00a;FILHO_DE;SIM;;70;60;0;0;;;2026-06-30;FAM_MAE_DECLARADA;stg_pessoa_fisica_atual_202606191707.csv;nom_mae;"Filiacao declarada no cadastro PF; papel=MAE.";true
V00057;PFX:ad062547a9b00a;PF:90000001490;MAE_DE;SIM;;70;60;0;0;;;2026-06-30;FAM_MAE_DECLARADA;stg_pessoa_fisica_atual_202606191707.csv;nom_mae;"Vinculo inverso derivado de FILHO_DE; papel=MAE.";true
V00058;PF:90000001570;PFX:b8ba95ff0d0365;FILHO_DE;SIM;;70;60;0;0;;;2026-06-30;FAM_PAI_DECLARADO;stg_pessoa_fisica_atual_202606191707.csv;nom_pai;"Filiacao declarada no cadastro PF; papel=PAI.";true
V00059;PFX:b8ba95ff0d0365;PF:90000001570;PAI_DE;SIM;;70;60;0;0;;;2026-06-30;FAM_PAI_DECLARADO;stg_pessoa_fisica_atual_202606191707.csv;nom_pai;"Vinculo inverso derivado de FILHO_DE; papel=PAI.";true
V00060;PF:90000001570;PFX:8b7504b61d9532;FILHO_DE;SIM;;70;60;0;0;;;2026-06-30;FAM_MAE_DECLARADA;stg_pessoa_fisica_atual_202606191707.csv;nom_mae;"Filiacao declarada no cadastro PF; papel=MAE.";true
V00061;PFX:8b7504b61d9532;PF:90000001570;MAE_DE;SIM;;70;60;0;0;;;2026-06-30;FAM_MAE_DECLARADA;stg_pessoa_fisica_atual_202606191707.csv;nom_mae;"Vinculo inverso derivado de FILHO_DE; papel=MAE.";true
V00062;PF:90000001651;PFX:b8ba95ff0d0365;FILHO_DE;SIM;;70;60;0;0;;;2026-06-30;FAM_PAI_DECLARADO;stg_pessoa_fisica_atual_202606191707.csv;nom_pai;"Filiacao declarada no cadastro PF; papel=PAI.";true
V00063;PFX:b8ba95ff0d0365;PF:90000001651;PAI_DE;SIM;;70;60;0;0;;;2026-06-30;FAM_PAI_DECLARADO;stg_pessoa_fisica_atual_202606191707.csv;nom_pai;"Vinculo inverso derivado de FILHO_DE; papel=PAI.";true
V00064;PF:90000001651;PFX:8b7504b61d9532;FILHO_DE;SIM;;70;60;0;0;;;2026-06-30;FAM_MAE_DECLARADA;stg_pessoa_fisica_atual_202606191707.csv;nom_mae;"Filiacao declarada no cadastro PF; papel=MAE.";true
V00065;PFX:8b7504b61d9532;PF:90000001651;MAE_DE;SIM;;70;60;0;0;;;2026-06-30;FAM_MAE_DECLARADA;stg_pessoa_fisica_atual_202606191707.csv;nom_mae;"Vinculo inverso derivado de FILHO_DE; papel=MAE.";true
V00066;PF:90000001732;PFX:5fcf5a6b59947e;FILHO_DE;SIM;;70;60;0;0;;;2026-06-30;FAM_PAI_DECLARADO;stg_pessoa_fisica_atual_202606191707.csv;nom_pai;"Filiacao declarada no cadastro PF; papel=PAI.";true
V00067;PFX:5fcf5a6b59947e;PF:90000001732;PAI_DE;SIM;;70;60;0;0;;;2026-06-30;FAM_PAI_DECLARADO;stg_pessoa_fisica_atual_202606191707.csv;nom_pai;"Vinculo inverso derivado de FILHO_DE; papel=PAI.";true
V00068;PF:90000001732;PFX:362638b9f4ba51;FILHO_DE;SIM;;70;60;0;0;;;2026-06-30;FAM_MAE_DECLARADA;stg_pessoa_fisica_atual_202606191707.csv;nom_mae;"Filiacao declarada no cadastro PF; papel=MAE.";true
V00069;PFX:362638b9f4ba51;PF:90000001732;MAE_DE;SIM;;70;60;0;0;;;2026-06-30;FAM_MAE_DECLARADA;stg_pessoa_fisica_atual_202606191707.csv;nom_mae;"Vinculo inverso derivado de FILHO_DE; papel=MAE.";true
V00070;PF:90000001813;PFX:5fcf5a6b59947e;FILHO_DE;SIM;;70;60;0;0;;;2026-06-30;FAM_PAI_DECLARADO;stg_pessoa_fisica_atual_202606191707.csv;nom_pai;"Filiacao declarada no cadastro PF; papel=PAI.";true
V00071;PFX:5fcf5a6b59947e;PF:90000001813;PAI_DE;SIM;;70;60;0;0;;;2026-06-30;FAM_PAI_DECLARADO;stg_pessoa_fisica_atual_202606191707.csv;nom_pai;"Vinculo inverso derivado de FILHO_DE; papel=PAI.";true
V00072;PF:90000001813;PFX:362638b9f4ba51;FILHO_DE;SIM;;70;60;0;0;;;2026-06-30;FAM_MAE_DECLARADA;stg_pessoa_fisica_atual_202606191707.csv;nom_mae;"Filiacao declarada no cadastro PF; papel=MAE.";true
V00073;PFX:362638b9f4ba51;PF:90000001813;MAE_DE;SIM;;70;60;0;0;;;2026-06-30;FAM_MAE_DECLARADA;stg_pessoa_fisica_atual_202606191707.csv;nom_mae;"Vinculo inverso derivado de FILHO_DE; papel=MAE.";true
V00074;PF:90000001902;PF:90000001732;PARENTESCO_AMBIGUO;SIM;;45;40;0;0;;;2026-06-30;REV_AMBIGUIDADE_IDENTIDADE;stg_pessoa_fisica_atual_202606191707.csv;"nom_pai;nome_pessoa;data_nascimento";"Nome do genitor coincide com PF existente; idade_diff=33; sexo_ok=True; mesma_cidade=True.";true
V00075;PF:90000001902;PF:90000001813;PARENTESCO_AMBIGUO;SIM;;45;40;0;0;;;2026-06-30;REV_AMBIGUIDADE_IDENTIDADE;stg_pessoa_fisica_atual_202606191707.csv;"nom_pai;nome_pessoa;data_nascimento";"Nome do genitor coincide com PF existente; idade_diff=31; sexo_ok=True; mesma_cidade=True.";true
V00076;PF:90000001902;PFX:f86b9aaf9e99ee;FILHO_DE;SIM;;70;60;0;0;;;2026-06-30;FAM_MAE_DECLARADA;stg_pessoa_fisica_atual_202606191707.csv;nom_mae;"Filiacao declarada no cadastro PF; papel=MAE.";true
V00077;PFX:f86b9aaf9e99ee;PF:90000001902;MAE_DE;SIM;;70;60;0;0;;;2026-06-30;FAM_MAE_DECLARADA;stg_pessoa_fisica_atual_202606191707.csv;nom_mae;"Vinculo inverso derivado de FILHO_DE; papel=MAE.";true
V00078;PF:90000002038;PFX:29384aeaddc863;FILHO_DE;SIM;;70;60;0;0;;;2026-06-30;FAM_PAI_DECLARADO;stg_pessoa_fisica_atual_202606191707.csv;nom_pai;"Filiacao declarada no cadastro PF; papel=PAI.";true
V00079;PFX:29384aeaddc863;PF:90000002038;PAI_DE;SIM;;70;60;0;0;;;2026-06-30;FAM_PAI_DECLARADO;stg_pessoa_fisica_atual_202606191707.csv;nom_pai;"Vinculo inverso derivado de FILHO_DE; papel=PAI.";true
V00080;PF:90000002038;PFX:e55a22933a467a;FILHO_DE;SIM;;70;60;0;0;;;2026-06-30;FAM_MAE_DECLARADA;stg_pessoa_fisica_atual_202606191707.csv;nom_mae;"Filiacao declarada no cadastro PF; papel=MAE.";true
V00081;PFX:e55a22933a467a;PF:90000002038;MAE_DE;SIM;;70;60;0;0;;;2026-06-30;FAM_MAE_DECLARADA;stg_pessoa_fisica_atual_202606191707.csv;nom_mae;"Vinculo inverso derivado de FILHO_DE; papel=MAE.";true
V00082;PF:90000002119;PF:90000002038;FILHO_DE;SIM;;45;60;0;0;;;2026-06-30;PARENTESCO_AMBIGUO;stg_pessoa_fisica_atual_202606191707.csv;"nom_pai;cpf_cnpj;nome_pessoa";"Filiacao declarada no cadastro PF; papel=PAI.";true
V00083;PF:90000002038;PF:90000002119;PAI_DE;SIM;;45;60;0;0;;;2026-06-30;PARENTESCO_AMBIGUO;stg_pessoa_fisica_atual_202606191707.csv;"nom_pai;cpf_cnpj;nome_pessoa";"Vinculo inverso derivado de FILHO_DE; papel=PAI.";true
V00084;PF:90000002119;PFX:3aa1182cb27930;FILHO_DE;SIM;;70;60;0;0;;;2026-06-30;FAM_MAE_DECLARADA;stg_pessoa_fisica_atual_202606191707.csv;nom_mae;"Filiacao declarada no cadastro PF; papel=MAE.";true
V00085;PFX:3aa1182cb27930;PF:90000002119;MAE_DE;SIM;;70;60;0;0;;;2026-06-30;FAM_MAE_DECLARADA;stg_pessoa_fisica_atual_202606191707.csv;nom_mae;"Vinculo inverso derivado de FILHO_DE; papel=MAE.";true
V00086;PF:90000002208;PFX:1d75f542db13a0;FILHO_DE;SIM;;70;60;0;0;;;2026-06-30;FAM_PAI_DECLARADO;stg_pessoa_fisica_atual_202606191707.csv;nom_pai;"Filiacao declarada no cadastro PF; papel=PAI.";true
V00087;PFX:1d75f542db13a0;PF:90000002208;PAI_DE;SIM;;70;60;0;0;;;2026-06-30;FAM_PAI_DECLARADO;stg_pessoa_fisica_atual_202606191707.csv;nom_pai;"Vinculo inverso derivado de FILHO_DE; papel=PAI.";true
V00088;PF:90000002208;PFX:04dbf3719411dd;FILHO_DE;SIM;;70;60;0;0;;;2026-06-30;FAM_MAE_DECLARADA;stg_pessoa_fisica_atual_202606191707.csv;nom_mae;"Filiacao declarada no cadastro PF; papel=MAE.";true
V00089;PFX:04dbf3719411dd;PF:90000002208;MAE_DE;SIM;;70;60;0;0;;;2026-06-30;FAM_MAE_DECLARADA;stg_pessoa_fisica_atual_202606191707.csv;nom_mae;"Vinculo inverso derivado de FILHO_DE; papel=MAE.";true
V00090;PF:90000002380;PFX:cca093d55f5a2a;FILHO_DE;SIM;;70;60;0;0;;;2026-06-30;FAM_PAI_DECLARADO;stg_pessoa_fisica_atual_202606191707.csv;nom_pai;"Filiacao declarada no cadastro PF; papel=PAI.";true
V00091;PFX:cca093d55f5a2a;PF:90000002380;PAI_DE;SIM;;70;60;0;0;;;2026-06-30;FAM_PAI_DECLARADO;stg_pessoa_fisica_atual_202606191707.csv;nom_pai;"Vinculo inverso derivado de FILHO_DE; papel=PAI.";true
V00092;PF:90000002380;PFX:c30f1e6d0e568b;FILHO_DE;SIM;;70;60;0;0;;;2026-06-30;FAM_MAE_DECLARADA;stg_pessoa_fisica_atual_202606191707.csv;nom_mae;"Filiacao declarada no cadastro PF; papel=MAE.";true
V00093;PFX:c30f1e6d0e568b;PF:90000002380;MAE_DE;SIM;;70;60;0;0;;;2026-06-30;FAM_MAE_DECLARADA;stg_pessoa_fisica_atual_202606191707.csv;nom_mae;"Vinculo inverso derivado de FILHO_DE; papel=MAE.";true
V00094;PF:90000002461;PFX:7f39535a90160e;FILHO_DE;SIM;;70;60;0;0;;;2026-06-30;FAM_PAI_DECLARADO;stg_pessoa_fisica_atual_202606191707.csv;nom_pai;"Filiacao declarada no cadastro PF; papel=PAI.";true
V00095;PFX:7f39535a90160e;PF:90000002461;PAI_DE;SIM;;70;60;0;0;;;2026-06-30;FAM_PAI_DECLARADO;stg_pessoa_fisica_atual_202606191707.csv;nom_pai;"Vinculo inverso derivado de FILHO_DE; papel=PAI.";true
V00096;PF:90000002461;PFX:fb3783730d683d;FILHO_DE;SIM;;70;60;0;0;;;2026-06-30;FAM_MAE_DECLARADA;stg_pessoa_fisica_atual_202606191707.csv;nom_mae;"Filiacao declarada no cadastro PF; papel=MAE.";true
V00097;PFX:fb3783730d683d;PF:90000002461;MAE_DE;SIM;;70;60;0;0;;;2026-06-30;FAM_MAE_DECLARADA;stg_pessoa_fisica_atual_202606191707.csv;nom_mae;"Vinculo inverso derivado de FILHO_DE; papel=MAE.";true
V00098;PF:90000002542;PFX:2be76a6a809975;FILHO_DE;SIM;;70;60;0;0;;;2026-06-30;FAM_PAI_DECLARADO;stg_pessoa_fisica_atual_202606191707.csv;nom_pai;"Filiacao declarada no cadastro PF; papel=PAI.";true
V00099;PFX:2be76a6a809975;PF:90000002542;PAI_DE;SIM;;70;60;0;0;;;2026-06-30;FAM_PAI_DECLARADO;stg_pessoa_fisica_atual_202606191707.csv;nom_pai;"Vinculo inverso derivado de FILHO_DE; papel=PAI.";true
V00100;PF:90000002542;PFX:f1db76277d066a;FILHO_DE;SIM;;70;60;0;0;;;2026-06-30;FAM_MAE_DECLARADA;stg_pessoa_fisica_atual_202606191707.csv;nom_mae;"Filiacao declarada no cadastro PF; papel=MAE.";true
V00101;PFX:f1db76277d066a;PF:90000002542;MAE_DE;SIM;;70;60;0;0;;;2026-06-30;FAM_MAE_DECLARADA;stg_pessoa_fisica_atual_202606191707.csv;nom_mae;"Vinculo inverso derivado de FILHO_DE; papel=MAE.";true
V00102;PF:90000002623;PFX:365adf037681aa;FILHO_DE;SIM;;70;60;0;0;;;2026-06-30;FAM_PAI_DECLARADO;stg_pessoa_fisica_atual_202606191707.csv;nom_pai;"Filiacao declarada no cadastro PF; papel=PAI.";true
V00103;PFX:365adf037681aa;PF:90000002623;PAI_DE;SIM;;70;60;0;0;;;2026-06-30;FAM_PAI_DECLARADO;stg_pessoa_fisica_atual_202606191707.csv;nom_pai;"Vinculo inverso derivado de FILHO_DE; papel=PAI.";true
V00104;PF:90000002623;PFX:5c371f0a0eb167;FILHO_DE;SIM;;70;60;0;0;;;2026-06-30;FAM_MAE_DECLARADA;stg_pessoa_fisica_atual_202606191707.csv;nom_mae;"Filiacao declarada no cadastro PF; papel=MAE.";true
V00105;PFX:5c371f0a0eb167;PF:90000002623;MAE_DE;SIM;;70;60;0;0;;;2026-06-30;FAM_MAE_DECLARADA;stg_pessoa_fisica_atual_202606191707.csv;nom_mae;"Vinculo inverso derivado de FILHO_DE; papel=MAE.";true
V00106;PF:00000000000;PFX:fb7d1dc718e384;FILHO_DE;SIM;;70;60;0;0;;;2026-06-30;FAM_PAI_DECLARADO;stg_pessoa_fisica_atual_202606191707.csv;nom_pai;"Filiacao declarada no cadastro PF; papel=PAI.";true
V00107;PFX:fb7d1dc718e384;PF:00000000000;PAI_DE;SIM;;70;60;0;0;;;2026-06-30;FAM_PAI_DECLARADO;stg_pessoa_fisica_atual_202606191707.csv;nom_pai;"Vinculo inverso derivado de FILHO_DE; papel=PAI.";true
V00108;PF:00000000000;PFX:eb0cdca8259967;FILHO_DE;SIM;;70;60;0;0;;;2026-06-30;FAM_MAE_DECLARADA;stg_pessoa_fisica_atual_202606191707.csv;nom_mae;"Filiacao declarada no cadastro PF; papel=MAE.";true
V00109;PFX:eb0cdca8259967;PF:00000000000;MAE_DE;SIM;;70;60;0;0;;;2026-06-30;FAM_MAE_DECLARADA;stg_pessoa_fisica_atual_202606191707.csv;nom_mae;"Vinculo inverso derivado de FILHO_DE; papel=MAE.";true
V00110;PF:90000000175;PF:90000000680;POSSIVEL_MESMO_GENITOR;NAO;;45;45;0;0;;;2026-06-30;FAM_MEIO_IRMAO_UM_PAI;stg_pessoa_fisica_atual_202606191707.csv;"nom_pai;nom_mae";Compartilham nome de pai=JOSE ALMEIDA, mas outro genitor difere.;true
V00111;PF:90000000175;PF:90000000760;POSSIVEL_MESMO_GENITOR;NAO;;45;45;0;0;;;2026-06-30;FAM_MEIO_IRMAO_UM_PAI;stg_pessoa_fisica_atual_202606191707.csv;"nom_pai;nom_mae";Compartilham nome de pai=JOSE ALMEIDA, mas outro genitor difere.;true
V00112;PF:90000000680;PF:90000000760;POSSIVEL_MESMO_GENITOR;NAO;;45;45;0;0;;;2026-06-30;FAM_MEIO_IRMAO_UM_PAI;stg_pessoa_fisica_atual_202606191707.csv;"nom_pai;nom_mae";Compartilham nome de pai=JOSE ALMEIDA, mas outro genitor difere.;true
V00113;PF:90000000175;PF:90000000680;IRMAO_DE;NAO;;82;85;0;0;;;2026-06-30;FAM_IRMAOS_DOIS_PAIS;stg_pessoa_fisica_atual_202606191707.csv;"nom_pai;nom_mae;cpf_cnpj";Irmaos completos por pais resolvidos: PFX:156bd2f2b9d738 e PFX:1b2b8f9fb9616c.;false
V00114;PF:90000000680;PF:90000000337;TIO_TIA_DE;SIM;;78;65;0;0;;;2026-06-30;FAM_PARENTESCO_DERIVADO;stg_pessoa_fisica_atual_202606191707.csv;"FILHO_DE;IRMAO_DE";Caminho: PF:90000000337 -> FILHO_DE -> PF:90000000175 -> IRMAO_DE -> PF:90000000680.;false
V00115;PF:90000000680;PF:90000000418;TIO_TIA_DE;SIM;;78;65;0;0;;;2026-06-30;FAM_PARENTESCO_DERIVADO;stg_pessoa_fisica_atual_202606191707.csv;"FILHO_DE;IRMAO_DE";Caminho: PF:90000000418 -> FILHO_DE -> PF:90000000175 -> IRMAO_DE -> PF:90000000680.;false
V00116;PF:90000000337;PF:90000000418;IRMAO_DE;NAO;;82;85;0;0;;;2026-06-30;FAM_IRMAOS_DOIS_PAIS;stg_pessoa_fisica_atual_202606191707.csv;"nom_pai;nom_mae;cpf_cnpj";Irmaos completos por pais resolvidos: PF:90000000175 e PF:90000000256.;false
V00117;PF:90000001570;PF:90000001651;IRMAO_DE;NAO;;82;85;0;0;;;2026-06-30;FAM_IRMAOS_DOIS_PAIS;stg_pessoa_fisica_atual_202606191707.csv;"nom_pai;nom_mae;cpf_cnpj";Irmaos completos por pais resolvidos: PFX:b8ba95ff0d0365 e PFX:8b7504b61d9532.;false
V00118;PF:90000001732;PF:90000001813;IRMAO_DE;NAO;;82;85;0;0;;;2026-06-30;FAM_IRMAOS_DOIS_PAIS;stg_pessoa_fisica_atual_202606191707.csv;"nom_pai;nom_mae;cpf_cnpj";Irmaos completos por pais resolvidos: PFX:5fcf5a6b59947e e PFX:362638b9f4ba51.;false
V00119;PF:90000000175;PF:90000000256;CONJUGE_DE;NAO;;95;95;0;60;;;2026-06-30;FAM_CONJUGE_CPF;denodo_base_cadastral.csv;"cpf_cnpj;cpf_conj;nome_pessoa_conj;nome_regime_bem";"Conjuge informado por CPF; regime=Comunhao Parcial De Bens.";false
V00120;PF:90000000337;PF:90000000507;CONJUGE_DE;NAO;;95;95;0;60;;;2026-06-30;FAM_CONJUGE_CPF;denodo_base_cadastral.csv;"cpf_cnpj;cpf_conj;nome_pessoa_conj;nome_regime_bem";"Conjuge informado por CPF; regime=Comunhao Parcial De Bens.";false
V00121;PF:90000000680;PFX:a563aeb01c6cf0;CONJUGE_NOME_CANDIDATO;NAO;;50;55;0;30;;;2026-06-30;FAM_CONJUGE_NOME_CANDIDATO;denodo_base_cadastral.csv;"nome_pessoa_conj;estado_civil;nome_regime_bem";"Conjuge informado somente por nome; nao resolvido para PF existente.";true
V00122;PF:90000000841;PF:90000001066;CONJUGE_DE;NAO;;95;95;0;70;;;2026-06-30;FAM_CONJUGE_CPF;denodo_base_cadastral.csv;"cpf_cnpj;cpf_conj;nome_pessoa_conj;nome_regime_bem";"Conjuge informado por CPF; regime=Comunhao Universal De Bens.";false
V00123;PF:90000001147;PF:90000001228;CONJUGE_DE;NAO;;95;95;0;60;;;2026-06-30;FAM_CONJUGE_CPF;denodo_base_cadastral.csv;"cpf_cnpj;cpf_conj;nome_pessoa_conj;nome_regime_bem";"Conjuge informado por CPF; regime=Comunhao Parcial De Bens.";false
V00124;PF:90000001228;PF:90000001309;CONJUGE_DE;NAO;;95;95;0;60;;;2026-06-30;FAM_CONJUGE_CPF;denodo_base_cadastral.csv;"cpf_cnpj;cpf_conj;nome_pessoa_conj;nome_regime_bem";"Conjuge informado por CPF; regime=Comunhao Parcial De Bens.";false
V00125;PF:90000001490;PF:90000001228;CONJUGE_DE;NAO;;95;95;0;60;;;2026-06-30;FAM_CONJUGE_CPF;denodo_base_cadastral.csv;"cpf_cnpj;cpf_conj;nome_pessoa_conj;nome_regime_bem";"Conjuge informado por CPF; regime=Comunhao Parcial De Bens.";false
V00126;PF:90000000175;PF:90000000256;ENDERECO_COMPARTILHADO;NAO;;72;35;0;20;;;2026-06-30;CAD_ENDERECO_EXATO;stg_pessoa_fisica_atual_202606191707.csv;"des_logradouro;num_endereco;des_complemento;des_cep;des_cidade;sgl_uf";Valor compartilhado: RUA FAMILIA ALMEIDA|100|CASA|80000001|CURITIBA|PR. Evidencia complementar, nao transitiva.;true
V00127;PF:90000000175;PF:90000000418;ENDERECO_COMPARTILHADO;NAO;;72;35;0;20;;;2026-06-30;CAD_ENDERECO_EXATO;stg_pessoa_fisica_atual_202606191707.csv;"des_logradouro;num_endereco;des_complemento;des_cep;des_cidade;sgl_uf";Valor compartilhado: RUA FAMILIA ALMEIDA|100|CASA|80000001|CURITIBA|PR. Evidencia complementar, nao transitiva.;true
V00128;PF:90000000256;PF:90000000418;ENDERECO_COMPARTILHADO;NAO;;72;35;0;20;;;2026-06-30;CAD_ENDERECO_EXATO;stg_pessoa_fisica_atual_202606191707.csv;"des_logradouro;num_endereco;des_complemento;des_cep;des_cidade;sgl_uf";Valor compartilhado: RUA FAMILIA ALMEIDA|100|CASA|80000001|CURITIBA|PR. Evidencia complementar, nao transitiva.;true
V00129;PF:90000002038;PF:90000002119;ENDERECO_COMPARTILHADO;NAO;;72;35;0;20;;;2026-06-30;CAD_ENDERECO_EXATO;stg_pessoa_fisica_atual_202606191707.csv;"des_logradouro;num_endereco;des_complemento;des_cep;des_cidade;sgl_uf";Valor compartilhado: RUA IDADE|77|CASA|80000004|CURITIBA|PR. Evidencia complementar, nao transitiva.;true
V00130;PF:90000002380;PF:90000002461;ENDERECO_COMPARTILHADO;NAO;;72;35;0;20;;;2026-06-30;CAD_ENDERECO_EXATO;stg_pessoa_fisica_atual_202606191707.csv;"des_logradouro;num_endereco;des_complemento;des_cep;des_cidade;sgl_uf";Valor compartilhado: RUA CONTATO|500|APTO 12|13000000|CAMPINAS|SP. Evidencia complementar, nao transitiva.;true
V00131;PF:90000002380;PF:90000002461;CONTATO_COMPARTILHADO;NAO;;72;35;0;20;;;2026-06-30;CAD_CONTATO_COMPARTILHADO;stg_pessoa_fisica_atual_202606191707.csv;des_email;Valor compartilhado: CONTATO.COMPARTILHADO@TESTE.LOCAL. Evidencia complementar, nao transitiva.;true
V00132;PF:90000002380;PF:90000002461;CONTATO_COMPARTILHADO;NAO;;72;35;0;20;;;2026-06-30;CAD_CONTATO_COMPARTILHADO;stg_pessoa_fisica_atual_202606191707.csv;"num_ddd;num_telefone";Valor compartilhado: 19|999888777. Evidencia complementar, nao transitiva.;true
V00133;PF:90000000175;PJ:90100001000109;SOCIO_DE;SIM;60.00;90;0;95;95;2026-06-18;;2026-06-19;SOC_SOCIO_DIRETO;stg_cadastro_socio_pj_202606191707.csv;"cnpj_associado;cpf_cnpj_socio;per_capital;dat_competencia";"Papel analitico=CONTROLADOR_DIRETO; per_capital=60.00.";false
V00134;PF:90000000175;PJ:90100001000109;CONTROLADOR_DIRETO;SIM;60.00;88;0;95;85;2026-06-18;;2026-06-30;SOC_CONTROLADOR_DIRETO;stg_cadastro_socio_pj_202606191707.csv;per_capital;Participacao direta superior a 50%.;false
V00135;PF:90000000256;PJ:90100001000109;SOCIO_DE;SIM;20.00;90;0;70;35;2026-06-18;;2026-06-19;SOC_SOCIO_DIRETO;stg_cadastro_socio_pj_202606191707.csv;"cnpj_associado;cpf_cnpj_socio;per_capital;dat_competencia";"Papel analitico=INFLUENCIA_RELEVANTE; per_capital=20.00.";false
V00136;PF:90000000922;PJ:90100001000109;SOCIO_DE;SIM;20.00;90;0;70;35;2024-12-31;;2026-06-19;SOC_SOCIO_DIRETO;stg_cadastro_socio_pj_202606191707.csv;"cnpj_associado;cpf_cnpj_socio;per_capital;dat_competencia";"Papel analitico=INFLUENCIA_RELEVANTE; per_capital=20.00.";false
V00137;PJ:90100001000109;PJ:90100002000145;SOCIO_DE;SIM;70.00;90;0;95;95;2026-06-18;;2026-06-19;SOC_SOCIO_DIRETO;stg_cadastro_socio_pj_202606191707.csv;"cnpj_associado;cpf_cnpj_socio;per_capital;dat_competencia";"Papel analitico=CONTROLADOR_DIRETO; per_capital=70.00.";false
V00138;PJ:90100001000109;PJ:90100002000145;CONTROLADOR_DIRETO;SIM;70.00;88;0;95;85;2026-06-18;;2026-06-30;SOC_CONTROLADOR_DIRETO;stg_cadastro_socio_pj_202606191707.csv;per_capital;Participacao direta superior a 50%.;false
V00139;PF:90000000337;PJ:90100002000145;SOCIO_DE;SIM;30.00;90;0;70;35;2026-06-18;;2026-06-19;SOC_SOCIO_DIRETO;stg_cadastro_socio_pj_202606191707.csv;"cnpj_associado;cpf_cnpj_socio;per_capital;dat_competencia";"Papel analitico=INFLUENCIA_RELEVANTE; per_capital=30.00.";false
V00140;PF:90000000841;PJ:90100003000190;SOCIO_DE;SIM;80.00;90;0;95;95;2026-06-18;;2026-06-19;SOC_SOCIO_DIRETO;stg_cadastro_socio_pj_202606191707.csv;"cnpj_associado;cpf_cnpj_socio;per_capital;dat_competencia";"Papel analitico=CONTROLADOR_DIRETO; per_capital=80.00.";false
V00141;PF:90000000841;PJ:90100003000190;CONTROLADOR_DIRETO;SIM;80.00;88;0;95;85;2026-06-18;;2026-06-30;SOC_CONTROLADOR_DIRETO;stg_cadastro_socio_pj_202606191707.csv;per_capital;Participacao direta superior a 50%.;false
V00142;PF:90000000175;PJ:90100003000190;SOCIO_DE;SIM;5.00;90;0;40;35;2026-06-18;;2026-06-19;SOC_SOCIO_DIRETO;stg_cadastro_socio_pj_202606191707.csv;"cnpj_associado;cpf_cnpj_socio;per_capital;dat_competencia";"Papel analitico=SOCIO_MINORITARIO; per_capital=5.00.";false
V00143;PF:90000000680;PJ:90100003000190;SOCIO_DE;SIM;15.00;90;0;40;35;2026-06-18;;2026-06-19;SOC_SOCIO_DIRETO;stg_cadastro_socio_pj_202606191707.csv;"cnpj_associado;cpf_cnpj_socio;per_capital;dat_competencia";"Papel analitico=SOCIO_MINORITARIO; per_capital=15.00.";false
V00144;PF:90000000337;PJ:90100004000134;SOCIO_DE;SIM;50.00;90;0;75;35;2026-06-18;;2026-06-19;SOC_SOCIO_DIRETO;stg_cadastro_socio_pj_202606191707.csv;"cnpj_associado;cpf_cnpj_socio;per_capital;dat_competencia";"Papel analitico=CONTROLE_CONJUNTO_CANDIDATO; per_capital=50.00.";false
V00145;PF:90000000507;PJ:90100004000134;SOCIO_DE;SIM;50.00;90;0;75;35;2026-06-18;;2026-06-19;SOC_SOCIO_DIRETO;stg_cadastro_socio_pj_202606191707.csv;"cnpj_associado;cpf_cnpj_socio;per_capital;dat_competencia";"Papel analitico=CONTROLE_CONJUNTO_CANDIDATO; per_capital=50.00.";false
V00146;PF:90000002542;PJ:90100005000189;SOCIO_DE;SIM;70.00;90;0;95;95;2026-06-18;;2026-06-19;SOC_SOCIO_DIRETO;stg_cadastro_socio_pj_202606191707.csv;"cnpj_associado;cpf_cnpj_socio;per_capital;dat_competencia";"Papel analitico=CONTROLADOR_DIRETO; per_capital=70.00.";false
V00147;PF:90000002542;PJ:90100005000189;CONTROLADOR_DIRETO;SIM;70.00;88;0;95;85;2026-06-18;;2026-06-30;SOC_CONTROLADOR_DIRETO;stg_cadastro_socio_pj_202606191707.csv;per_capital;Participacao direta superior a 50%.;false
V00148;PF:90000002623;PJ:90100005000189;SOCIO_DE;SIM;40.00;90;0;70;35;2026-06-18;;2026-06-19;SOC_SOCIO_DIRETO;stg_cadastro_socio_pj_202606191707.csv;"cnpj_associado;cpf_cnpj_socio;per_capital;dat_competencia";"Papel analitico=INFLUENCIA_RELEVANTE; per_capital=40.00.";false
V00149;PJ:90100007000178;PJ:90100006000123;SOCIO_DE;SIM;60.00;90;0;95;95;2026-06-18;;2026-06-19;SOC_SOCIO_DIRETO;stg_cadastro_socio_pj_202606191707.csv;"cnpj_associado;cpf_cnpj_socio;per_capital;dat_competencia";"Papel analitico=CONTROLADOR_DIRETO; per_capital=60.00.";false
V00150;PJ:90100007000178;PJ:90100006000123;CONTROLADOR_DIRETO;SIM;60.00;88;0;95;85;2026-06-18;;2026-06-30;SOC_CONTROLADOR_DIRETO;stg_cadastro_socio_pj_202606191707.csv;per_capital;Participacao direta superior a 50%.;false
V00151;PJ:90100006000123;PJ:90100007000178;SOCIO_DE;SIM;60.00;90;0;95;95;2026-06-18;;2026-06-19;SOC_SOCIO_DIRETO;stg_cadastro_socio_pj_202606191707.csv;"cnpj_associado;cpf_cnpj_socio;per_capital;dat_competencia";"Papel analitico=CONTROLADOR_DIRETO; per_capital=60.00.";false
V00152;PJ:90100006000123;PJ:90100007000178;CONTROLADOR_DIRETO;SIM;60.00;88;0;95;85;2026-06-18;;2026-06-30;SOC_CONTROLADOR_DIRETO;stg_cadastro_socio_pj_202606191707.csv;per_capital;Participacao direta superior a 50%.;false
V00153;PJ:90100010000191;PJ:90100010000191;SOCIO_DE;SIM;100.00;90;0;95;95;2026-06-18;;2026-06-19;SOC_SOCIO_DIRETO;stg_cadastro_socio_pj_202606191707.csv;"cnpj_associado;cpf_cnpj_socio;per_capital;dat_competencia";"Papel analitico=CONTROLADOR_DIRETO; per_capital=100.00.";true
V00154;PJ:90100010000191;PJ:90100010000191;CONTROLADOR_DIRETO;SIM;100.00;88;0;95;85;2026-06-18;;2026-06-30;SOC_CONTROLADOR_DIRETO;stg_cadastro_socio_pj_202606191707.csv;per_capital;Participacao direta superior a 50%.;false
V00155;PF:90000000680;PJ:90100008000112;SOCIO_DE;SIM;80.00;90;0;95;95;2026-06-18;;2026-06-19;SOC_SOCIO_DIRETO;stg_cadastro_socio_pj_202606191707.csv;"cnpj_associado;cpf_cnpj_socio;per_capital;dat_competencia";"Papel analitico=CONTROLADOR_DIRETO; per_capital=80.00.";false
V00156;PF:90000000680;PJ:90100008000112;CONTROLADOR_DIRETO;SIM;80.00;88;0;95;85;2026-06-18;;2026-06-30;SOC_CONTROLADOR_DIRETO;stg_cadastro_socio_pj_202606191707.csv;per_capital;Participacao direta superior a 50%.;false
V00157;PF:90000000760;PJ:90100008000112;SOCIO_DE;SIM;20.00;90;0;70;35;2026-06-18;;2026-06-19;SOC_SOCIO_DIRETO;stg_cadastro_socio_pj_202606191707.csv;"cnpj_associado;cpf_cnpj_socio;per_capital;dat_competencia";"Papel analitico=INFLUENCIA_RELEVANTE; per_capital=20.00.";false
V00158;PF:90000002380;PJ:90100011000136;SOCIO_DE;SIM;0.00;40;0;0;35;2026-06-18;;2026-06-19;SOC_SOCIO_DIRETO;stg_cadastro_socio_pj_202606191707.csv;"cnpj_associado;cpf_cnpj_socio;per_capital;dat_competencia";"Papel analitico=PARTICIPACAO_INVALIDA; per_capital=0.00.";true
V00159;PF:90000002461;PJ:90100011000136;SOCIO_DE;SIM;-5.00;40;0;0;35;2026-06-18;;2026-06-19;SOC_SOCIO_DIRETO;stg_cadastro_socio_pj_202606191707.csv;"cnpj_associado;cpf_cnpj_socio;per_capital;dat_competencia";"Papel analitico=PARTICIPACAO_INVALIDA; per_capital=-5.00.";true
V00160;PF:00000000000;PJ:90100001000109;SOCIO_DE;SIM;1.00;90;0;40;35;2026-06-18;;2026-06-19;SOC_SOCIO_DIRETO;stg_cadastro_socio_pj_202606191707.csv;"cnpj_associado;cpf_cnpj_socio;per_capital;dat_competencia";"Papel analitico=SOCIO_MINORITARIO; per_capital=1.00.";false
V00161;PF:90000001570;PJ:11111111000111;SOCIO_DE;SIM;100.00;90;0;95;95;2026-06-18;;2026-06-19;SOC_SOCIO_DIRETO;stg_cadastro_socio_pj_202606191707.csv;"cnpj_associado;cpf_cnpj_socio;per_capital;dat_competencia";"Papel analitico=CONTROLADOR_DIRETO; per_capital=100.00.";false
V00162;PF:90000001570;PJ:11111111000111;CONTROLADOR_DIRETO;SIM;100.00;88;0;95;85;2026-06-18;;2026-06-30;SOC_CONTROLADOR_DIRETO;stg_cadastro_socio_pj_202606191707.csv;per_capital;Participacao direta superior a 50%.;false
V00163;PF:90000000175;PJ:90100012000180;SOCIO_DE;SIM;100.00;90;0;95;95;2026-06-18;;2026-06-19;SOC_SOCIO_DIRETO;stg_cadastro_socio_pj_202606191707.csv;"cnpj_associado;cpf_cnpj_socio;per_capital;dat_competencia";"Papel analitico=CONTROLADOR_DIRETO; per_capital=100.00.";false
V00164;PF:90000000175;PJ:90100012000180;CONTROLADOR_DIRETO;SIM;100.00;88;0;95;85;2026-06-18;;2026-06-30;SOC_CONTROLADOR_DIRETO;stg_cadastro_socio_pj_202606191707.csv;per_capital;Participacao direta superior a 50%.;false
V00165;PF:90000000175;PJ:90100002000145;PARTICIPACAO_INDIRETA;SIM;42.0000;82;0;70;30;;;2026-06-30;SOC_PARTICIPACAO_INDIRETA;stg_cadastro_socio_pj_202606191707.csv;"cnpj_associado;cpf_cnpj_socio;per_capital";PF:90000000175 -> PJ:90100001000109 -> PJ:90100002000145;false
V00166;PF:90000000256;PJ:90100002000145;PARTICIPACAO_INDIRETA;SIM;14.0000;82;0;45;30;;;2026-06-30;SOC_PARTICIPACAO_INDIRETA;stg_cadastro_socio_pj_202606191707.csv;"cnpj_associado;cpf_cnpj_socio;per_capital";PF:90000000256 -> PJ:90100001000109 -> PJ:90100002000145;false
V00167;PF:90000000922;PJ:90100002000145;PARTICIPACAO_INDIRETA;SIM;14.0000;82;0;45;30;;;2026-06-30;SOC_PARTICIPACAO_INDIRETA;stg_cadastro_socio_pj_202606191707.csv;"cnpj_associado;cpf_cnpj_socio;per_capital";PF:90000000922 -> PJ:90100001000109 -> PJ:90100002000145;false
V00168;PF:00000000000;PJ:90100002000145;PARTICIPACAO_INDIRETA;SIM;0.7000;82;0;45;30;;;2026-06-30;SOC_PARTICIPACAO_INDIRETA;stg_cadastro_socio_pj_202606191707.csv;"cnpj_associado;cpf_cnpj_socio;per_capital";PF:00000000000 -> PJ:90100001000109 -> PJ:90100002000145;false
V00169;PF:90000000175;PJ:90100001000109;EMPREGADO_DE;SIM;;80;0;20;15;;;2026-06-30;CAD_EMPREGADOR;stg_pessoa_fisica_atual_202606191707.csv;"cpf_cnpj_empregador;des_empregador";"Vinculo empregaticio declarado; evidencia complementar, nao forma grupo por si so.";false
V00170;PF:90000000256;PJ:90100002000145;EMPREGADO_DE;SIM;;80;0;20;15;;;2026-06-30;CAD_EMPREGADOR;stg_pessoa_fisica_atual_202606191707.csv;"cpf_cnpj_empregador;des_empregador";"Vinculo empregaticio declarado; evidencia complementar, nao forma grupo por si so.";false
V00171;PF:90000000337;PJ:90100002000145;EMPREGADO_DE;SIM;;80;0;20;15;;;2026-06-30;CAD_EMPREGADOR;stg_pessoa_fisica_atual_202606191707.csv;"cpf_cnpj_empregador;des_empregador";"Vinculo empregaticio declarado; evidencia complementar, nao forma grupo por si so.";false
V00172;PF:90000000507;PJ:90100002000145;EMPREGADO_DE;SIM;;80;0;20;15;;;2026-06-30;CAD_EMPREGADOR;stg_pessoa_fisica_atual_202606191707.csv;"cpf_cnpj_empregador;des_empregador";"Vinculo empregaticio declarado; evidencia complementar, nao forma grupo por si so.";false
V00173;PF:90000000680;PJ:90100008000112;EMPREGADO_DE;SIM;;80;0;20;15;;;2026-06-30;CAD_EMPREGADOR;stg_pessoa_fisica_atual_202606191707.csv;"cpf_cnpj_empregador;des_empregador";"Vinculo empregaticio declarado; evidencia complementar, nao forma grupo por si so.";false
V00174;PF:90000000841;PJ:90100003000190;EMPREGADO_DE;SIM;;80;0;20;15;;;2026-06-30;CAD_EMPREGADOR;stg_pessoa_fisica_atual_202606191707.csv;"cpf_cnpj_empregador;des_empregador";"Vinculo empregaticio declarado; evidencia complementar, nao forma grupo por si so.";false
V00175;PF:90000000922;PJ:90100001000109;EMPREGADO_DE;SIM;;80;0;20;15;;;2026-06-30;CAD_EMPREGADOR;stg_pessoa_fisica_atual_202606191707.csv;"cpf_cnpj_empregador;des_empregador";"Vinculo empregaticio declarado; evidencia complementar, nao forma grupo por si so.";false
V00176;PF:90000001066;PJ:90100009000167;EMPREGADO_DE;SIM;;80;0;20;15;;;2026-06-30;CAD_EMPREGADOR;stg_pessoa_fisica_atual_202606191707.csv;"cpf_cnpj_empregador;des_empregador";"Vinculo empregaticio declarado; evidencia complementar, nao forma grupo por si so.";false
V00177;PF:90000001147;PJ:90100009000167;EMPREGADO_DE;SIM;;80;0;20;15;;;2026-06-30;CAD_EMPREGADOR;stg_pessoa_fisica_atual_202606191707.csv;"cpf_cnpj_empregador;des_empregador";"Vinculo empregaticio declarado; evidencia complementar, nao forma grupo por si so.";false
V00178;PJ:90100002000145;PF:90000000337;TRANSFERIU_PARA;SIM;;90;0;0;65;202501;202506;2026-06-30;ECO_FLUXO_RECORRENTE;mv_movimentacoes.csv;"cpf_cnpj_origem;cpf_cnpj_destino;competencia_inicial;competencia_final;qtd_movimentacoes;vlr_total_transferido";"{""cobertura_temporal"": 1.0, ""duracao_meses"": 6, ""fluxo_inverso"": 0.0, ""fluxo_recorrente"": true, ""pct_entradas_destino"": 0.8491, ""pct_saidas_origem"": 1.0, ""qtd_media_mensal"": 3.0, ""valor_medio_mensal"": 9000.0, ""valor_total"": 54000.0}";true
V00179;PJ:90100002000145;PF:90000000337;DEPENDENCIA_FINANCEIRA_CANDIDATA;SIM;;75;0;0;75;202501;202506;2026-06-30;ECO_DEPENDENCIA_CANDIDATA;mv_movimentacoes.csv;"vlr_total_transferido;qtd_competencias;qtd_movimentacoes";"{""cobertura_temporal"": 1.0, ""duracao_meses"": 6, ""fluxo_inverso"": 0.0, ""fluxo_recorrente"": true, ""pct_entradas_destino"": 0.8491, ""pct_saidas_origem"": 1.0, ""qtd_media_mensal"": 3.0, ""valor_medio_mensal"": 9000.0, ""valor_total"": 54000.0}";true
V00180;PF:90000000337;PF:90000000507;TRANSFERIU_PARA;SIM;;90;0;0;65;202501;202506;2026-06-30;ECO_FLUXO_RECORRENTE;mv_movimentacoes.csv;"cpf_cnpj_origem;cpf_cnpj_destino;competencia_inicial;competencia_final;qtd_movimentacoes;vlr_total_transferido";"{""cobertura_temporal"": 1.0, ""duracao_meses"": 6, ""fluxo_inverso"": 9000.0, ""fluxo_recorrente"": true, ""pct_entradas_destino"": 1.0, ""pct_saidas_origem"": 0.973, ""qtd_media_mensal"": 2.0, ""valor_medio_mensal"": 3000.0, ""valor_total"": 18000.0}";true
V00181;PF:90000000337;PF:90000000507;DEPENDENCIA_FINANCEIRA_CANDIDATA;SIM;;75;0;0;75;202501;202506;2026-06-30;ECO_DEPENDENCIA_CANDIDATA;mv_movimentacoes.csv;"vlr_total_transferido;qtd_competencias;qtd_movimentacoes";"{""cobertura_temporal"": 1.0, ""duracao_meses"": 6, ""fluxo_inverso"": 9000.0, ""fluxo_recorrente"": true, ""pct_entradas_destino"": 1.0, ""pct_saidas_origem"": 0.973, ""qtd_media_mensal"": 2.0, ""valor_medio_mensal"": 3000.0, ""valor_total"": 18000.0}";true
V00182;PF:90000000507;PF:90000000337;TRANSFERIU_PARA;SIM;;90;0;0;20;202502;202506;2026-06-30;ECO_MOVIMENTACAO_ISOLADA;mv_movimentacoes.csv;"cpf_cnpj_origem;cpf_cnpj_destino;competencia_inicial;competencia_final;qtd_movimentacoes;vlr_total_transferido";"{""cobertura_temporal"": 1.0, ""duracao_meses"": 5, ""fluxo_inverso"": 18000.0, ""fluxo_recorrente"": false, ""pct_entradas_destino"": 0.1415, ""pct_saidas_origem"": 1.0, ""qtd_media_mensal"": 1.6, ""valor_medio_mensal"": 1800.0, ""valor_total"": 9000.0}";false
V00183;PF:90000000175;PF:90000000256;TRANSFERIU_PARA;SIM;;90;0;0;65;202501;202506;2026-06-30;ECO_FLUXO_RECORRENTE;mv_movimentacoes.csv;"cpf_cnpj_origem;cpf_cnpj_destino;competencia_inicial;competencia_final;qtd_movimentacoes;vlr_total_transferido";"{""cobertura_temporal"": 1.0, ""duracao_meses"": 6, ""fluxo_inverso"": 7000.0, ""fluxo_recorrente"": true, ""pct_entradas_destino"": 1.0, ""pct_saidas_origem"": 0.9766, ""qtd_media_mensal"": 1.67, ""valor_medio_mensal"": 4166.67, ""valor_total"": 25000.0}";true
V00184;PF:90000000175;PF:90000000256;DEPENDENCIA_FINANCEIRA_CANDIDATA;SIM;;75;0;0;75;202501;202506;2026-06-30;ECO_DEPENDENCIA_CANDIDATA;mv_movimentacoes.csv;"vlr_total_transferido;qtd_competencias;qtd_movimentacoes";"{""cobertura_temporal"": 1.0, ""duracao_meses"": 6, ""fluxo_inverso"": 7000.0, ""fluxo_recorrente"": true, ""pct_entradas_destino"": 1.0, ""pct_saidas_origem"": 0.9766, ""qtd_media_mensal"": 1.67, ""valor_medio_mensal"": 4166.67, ""valor_total"": 25000.0}";true
V00185;PF:90000000256;PF:90000000175;TRANSFERIU_PARA;SIM;;90;0;0;20;202503;202506;2026-06-30;ECO_MOVIMENTACAO_ISOLADA;mv_movimentacoes.csv;"cpf_cnpj_origem;cpf_cnpj_destino;competencia_inicial;competencia_final;qtd_movimentacoes;vlr_total_transferido";"{""cobertura_temporal"": 1.0, ""duracao_meses"": 4, ""fluxo_inverso"": 25000.0, ""fluxo_recorrente"": false, ""pct_entradas_destino"": 1.0, ""pct_saidas_origem"": 1.0, ""qtd_media_mensal"": 1.5, ""valor_medio_mensal"": 1750.0, ""valor_total"": 7000.0}";false
V00186;PF:90000002380;PF:90000002461;TRANSFERIU_PARA;SIM;;90;0;0;65;202501;202506;2026-06-30;ECO_FLUXO_RECORRENTE;mv_movimentacoes.csv;"cpf_cnpj_origem;cpf_cnpj_destino;competencia_inicial;competencia_final;qtd_movimentacoes;vlr_total_transferido";"{""cobertura_temporal"": 1.0, ""duracao_meses"": 6, ""fluxo_inverso"": 1500.0, ""fluxo_recorrente"": true, ""pct_entradas_destino"": 0.2419, ""pct_saidas_origem"": 1.0, ""qtd_media_mensal"": 3.33, ""valor_medio_mensal"": 5000.0, ""valor_total"": 30000.0}";true
V00187;PF:90000002380;PF:90000002461;DEPENDENCIA_FINANCEIRA_CANDIDATA;SIM;;75;0;0;75;202501;202506;2026-06-30;ECO_DEPENDENCIA_CANDIDATA;mv_movimentacoes.csv;"vlr_total_transferido;qtd_competencias;qtd_movimentacoes";"{""cobertura_temporal"": 1.0, ""duracao_meses"": 6, ""fluxo_inverso"": 1500.0, ""fluxo_recorrente"": true, ""pct_entradas_destino"": 0.2419, ""pct_saidas_origem"": 1.0, ""qtd_media_mensal"": 3.33, ""valor_medio_mensal"": 5000.0, ""valor_total"": 30000.0}";true
V00188;PF:90000002461;PF:90000002380;TRANSFERIU_PARA;SIM;;90;0;0;20;202504;202506;2026-06-30;ECO_MOVIMENTACAO_ISOLADA;mv_movimentacoes.csv;"cpf_cnpj_origem;cpf_cnpj_destino;competencia_inicial;competencia_final;qtd_movimentacoes;vlr_total_transferido";"{""cobertura_temporal"": 1.0, ""duracao_meses"": 3, ""fluxo_inverso"": 30000.0, ""fluxo_recorrente"": false, ""pct_entradas_destino"": 0.0133, ""pct_saidas_origem"": 1.0, ""qtd_media_mensal"": 1.0, ""valor_medio_mensal"": 500.0, ""valor_total"": 1500.0}";false
V00189;PF:90000000841;PJ:90100003000190;TRANSFERIU_PARA;SIM;;90;0;0;65;202501;202506;2026-06-30;ECO_FLUXO_RECORRENTE;mv_movimentacoes.csv;"cpf_cnpj_origem;cpf_cnpj_destino;competencia_inicial;competencia_final;qtd_movimentacoes;vlr_total_transferido";"{""cobertura_temporal"": 1.0, ""duracao_meses"": 6, ""fluxo_inverso"": 40000.0, ""fluxo_recorrente"": true, ""pct_entradas_destino"": 1.0, ""pct_saidas_origem"": 1.0, ""qtd_media_mensal"": 1.5, ""valor_medio_mensal"": 14166.67, ""valor_total"": 85000.0}";true
V00190;PF:90000000841;PJ:90100003000190;DEPENDENCIA_FINANCEIRA_CANDIDATA;SIM;;75;0;0;75;202501;202506;2026-06-30;ECO_DEPENDENCIA_CANDIDATA;mv_movimentacoes.csv;"vlr_total_transferido;qtd_competencias;qtd_movimentacoes";"{""cobertura_temporal"": 1.0, ""duracao_meses"": 6, ""fluxo_inverso"": 40000.0, ""fluxo_recorrente"": true, ""pct_entradas_destino"": 1.0, ""pct_saidas_origem"": 1.0, ""qtd_media_mensal"": 1.5, ""valor_medio_mensal"": 14166.67, ""valor_total"": 85000.0}";true
V00191;PJ:90100003000190;PF:90000000841;TRANSFERIU_PARA;SIM;;90;0;0;65;202501;202506;2026-06-30;ECO_FLUXO_RECORRENTE;mv_movimentacoes.csv;"cpf_cnpj_origem;cpf_cnpj_destino;competencia_inicial;competencia_final;qtd_movimentacoes;vlr_total_transferido";"{""cobertura_temporal"": 1.0, ""duracao_meses"": 6, ""fluxo_inverso"": 85000.0, ""fluxo_recorrente"": true, ""pct_entradas_destino"": 1.0, ""pct_saidas_origem"": 1.0, ""qtd_media_mensal"": 1.5, ""valor_medio_mensal"": 6666.67, ""valor_total"": 40000.0}";true
V00192;PJ:90100003000190;PF:90000000841;DEPENDENCIA_FINANCEIRA_CANDIDATA;SIM;;75;0;0;75;202501;202506;2026-06-30;ECO_DEPENDENCIA_CANDIDATA;mv_movimentacoes.csv;"vlr_total_transferido;qtd_competencias;qtd_movimentacoes";"{""cobertura_temporal"": 1.0, ""duracao_meses"": 6, ""fluxo_inverso"": 85000.0, ""fluxo_recorrente"": true, ""pct_entradas_destino"": 1.0, ""pct_saidas_origem"": 1.0, ""qtd_media_mensal"": 1.5, ""valor_medio_mensal"": 6666.67, ""valor_total"": 40000.0}";true
V00193;PF:90000000922;PJ:90100001000109;TRANSFERIU_PARA;SIM;;90;0;0;65;202604;202606;2026-06-30;ECO_FLUXO_RECORRENTE;mv_movimentacoes.csv;"cpf_cnpj_origem;cpf_cnpj_destino;competencia_inicial;competencia_final;qtd_movimentacoes;vlr_total_transferido";"{""cobertura_temporal"": 1.0, ""duracao_meses"": 3, ""fluxo_inverso"": 0.0, ""fluxo_recorrente"": true, ""pct_entradas_destino"": 0.9836, ""pct_saidas_origem"": 1.0, ""qtd_media_mensal"": 1.67, ""valor_medio_mensal"": 4000.0, ""valor_total"": 12000.0}";true
V00194;PF:90000000922;PJ:90100001000109;DEPENDENCIA_FINANCEIRA_CANDIDATA;SIM;;75;0;0;75;202604;202606;2026-06-30;ECO_DEPENDENCIA_CANDIDATA;mv_movimentacoes.csv;"vlr_total_transferido;qtd_competencias;qtd_movimentacoes";"{""cobertura_temporal"": 1.0, ""duracao_meses"": 3, ""fluxo_inverso"": 0.0, ""fluxo_recorrente"": true, ""pct_entradas_destino"": 0.9836, ""pct_saidas_origem"": 1.0, ""qtd_media_mensal"": 1.67, ""valor_medio_mensal"": 4000.0, ""valor_total"": 12000.0}";true
V00195;PF:90000002542;PJ:90100005000189;TRANSFERIU_PARA;SIM;;90;0;0;65;202501;202506;2026-06-30;ECO_FLUXO_RECORRENTE;mv_movimentacoes.csv;"cpf_cnpj_origem;cpf_cnpj_destino;competencia_inicial;competencia_final;qtd_movimentacoes;vlr_total_transferido";"{""cobertura_temporal"": 1.0, ""duracao_meses"": 6, ""fluxo_inverso"": 0.0, ""fluxo_recorrente"": true, ""pct_entradas_destino"": 0.6364, ""pct_saidas_origem"": 1.0, ""qtd_media_mensal"": 1.0, ""valor_medio_mensal"": 11666.67, ""valor_total"": 70000.0}";true
V00196;PF:90000002542;PJ:90100005000189;DEPENDENCIA_FINANCEIRA_CANDIDATA;SIM;;75;0;0;75;202501;202506;2026-06-30;ECO_DEPENDENCIA_CANDIDATA;mv_movimentacoes.csv;"vlr_total_transferido;qtd_competencias;qtd_movimentacoes";"{""cobertura_temporal"": 1.0, ""duracao_meses"": 6, ""fluxo_inverso"": 0.0, ""fluxo_recorrente"": true, ""pct_entradas_destino"": 0.6364, ""pct_saidas_origem"": 1.0, ""qtd_media_mensal"": 1.0, ""valor_medio_mensal"": 11666.67, ""valor_total"": 70000.0}";true
V00197;PF:90000002623;PJ:90100005000189;TRANSFERIU_PARA;SIM;;90;0;0;65;202501;202506;2026-06-30;ECO_FLUXO_RECORRENTE;mv_movimentacoes.csv;"cpf_cnpj_origem;cpf_cnpj_destino;competencia_inicial;competencia_final;qtd_movimentacoes;vlr_total_transferido";"{""cobertura_temporal"": 1.0, ""duracao_meses"": 6, ""fluxo_inverso"": 0.0, ""fluxo_recorrente"": true, ""pct_entradas_destino"": 0.3636, ""pct_saidas_origem"": 1.0, ""qtd_media_mensal"": 1.0, ""valor_medio_mensal"": 6666.67, ""valor_total"": 40000.0}";true
V00198;PF:90000002623;PJ:90100005000189;DEPENDENCIA_FINANCEIRA_CANDIDATA;SIM;;75;0;0;75;202501;202506;2026-06-30;ECO_DEPENDENCIA_CANDIDATA;mv_movimentacoes.csv;"vlr_total_transferido;qtd_competencias;qtd_movimentacoes";"{""cobertura_temporal"": 1.0, ""duracao_meses"": 6, ""fluxo_inverso"": 0.0, ""fluxo_recorrente"": true, ""pct_entradas_destino"": 0.3636, ""pct_saidas_origem"": 1.0, ""qtd_media_mensal"": 1.0, ""valor_medio_mensal"": 6666.67, ""valor_total"": 40000.0}";true
V00199;PF:90000001570;PF:90000001651;TRANSFERIU_PARA;SIM;;90;0;0;20;202506;202506;2026-06-30;ECO_MOVIMENTACAO_ISOLADA;mv_movimentacoes.csv;"cpf_cnpj_origem;cpf_cnpj_destino;competencia_inicial;competencia_final;qtd_movimentacoes;vlr_total_transferido";"{""cobertura_temporal"": 1.0, ""duracao_meses"": 1, ""fluxo_inverso"": 0.0, ""fluxo_recorrente"": false, ""pct_entradas_destino"": 1.0, ""pct_saidas_origem"": 1.0, ""qtd_media_mensal"": 1.0, ""valor_medio_mensal"": 80.0, ""valor_total"": 80.0}";false
V00200;PF:90000000175;PF:90000000337;TRANSFERIU_PARA;SIM;;90;0;0;20;202501;202502;2026-06-30;ECO_MOVIMENTACAO_ISOLADA;mv_movimentacoes.csv;"cpf_cnpj_origem;cpf_cnpj_destino;competencia_inicial;competencia_final;qtd_movimentacoes;vlr_total_transferido";"{""cobertura_temporal"": 1.0, ""duracao_meses"": 2, ""fluxo_inverso"": 0.0, ""fluxo_recorrente"": false, ""pct_entradas_destino"": 0.0094, ""pct_saidas_origem"": 0.0234, ""qtd_media_mensal"": 1.0, ""valor_medio_mensal"": 300.0, ""valor_total"": 600.0}";false
V00201;PF:90000000337;PF:90000000418;TRANSFERIU_PARA;SIM;;90;0;0;20;202502;202503;2026-06-30;ECO_MOVIMENTACAO_ISOLADA;mv_movimentacoes.csv;"cpf_cnpj_origem;cpf_cnpj_destino;competencia_inicial;competencia_final;qtd_movimentacoes;vlr_total_transferido";"{""cobertura_temporal"": 1.0, ""duracao_meses"": 2, ""fluxo_inverso"": 0.0, ""fluxo_recorrente"": false, ""pct_entradas_destino"": 1.0, ""pct_saidas_origem"": 0.027, ""qtd_media_mensal"": 1.0, ""valor_medio_mensal"": 250.0, ""valor_total"": 500.0}";false
V00202;PF:90000000418;PF:90000002380;TRANSFERIU_PARA;SIM;;90;0;0;65;202501;202506;2026-06-30;ECO_FLUXO_RECORRENTE;mv_movimentacoes.csv;"cpf_cnpj_origem;cpf_cnpj_destino;competencia_inicial;competencia_final;qtd_movimentacoes;vlr_total_transferido";"{""cobertura_temporal"": 1.0, ""duracao_meses"": 6, ""fluxo_inverso"": 0.0, ""fluxo_recorrente"": true, ""pct_entradas_destino"": 0.1333, ""pct_saidas_origem"": 1.0, ""qtd_media_mensal"": 2.0, ""valor_medio_mensal"": 2500.0, ""valor_total"": 15000.0}";true
V00203;PF:90000000418;PF:90000002380;DEPENDENCIA_FINANCEIRA_CANDIDATA;SIM;;75;0;0;75;202501;202506;2026-06-30;ECO_DEPENDENCIA_CANDIDATA;mv_movimentacoes.csv;"vlr_total_transferido;qtd_competencias;qtd_movimentacoes";"{""cobertura_temporal"": 1.0, ""duracao_meses"": 6, ""fluxo_inverso"": 0.0, ""fluxo_recorrente"": true, ""pct_entradas_destino"": 0.1333, ""pct_saidas_origem"": 1.0, ""qtd_media_mensal"": 2.0, ""valor_medio_mensal"": 2500.0, ""valor_total"": 15000.0}";true
V00204;PJ:90100011000136;PF:90000002380;TRANSFERIU_PARA;SIM;;90;0;0;65;202501;202506;2026-06-30;ECO_FLUXO_RECORRENTE;mv_movimentacoes.csv;"cpf_cnpj_origem;cpf_cnpj_destino;competencia_inicial;competencia_final;qtd_movimentacoes;vlr_total_transferido";"{""cobertura_temporal"": 1.0, ""duracao_meses"": 6, ""fluxo_inverso"": 0.0, ""fluxo_recorrente"": true, ""pct_entradas_destino"": 0.8533, ""pct_saidas_origem"": 0.5053, ""qtd_media_mensal"": 4.0, ""valor_medio_mensal"": 16000.0, ""valor_total"": 96000.0}";true
V00205;PJ:90100011000136;PF:90000002380;DEPENDENCIA_FINANCEIRA_CANDIDATA;SIM;;75;0;0;75;202501;202506;2026-06-30;ECO_DEPENDENCIA_CANDIDATA;mv_movimentacoes.csv;"vlr_total_transferido;qtd_competencias;qtd_movimentacoes";"{""cobertura_temporal"": 1.0, ""duracao_meses"": 6, ""fluxo_inverso"": 0.0, ""fluxo_recorrente"": true, ""pct_entradas_destino"": 0.8533, ""pct_saidas_origem"": 0.5053, ""qtd_media_mensal"": 4.0, ""valor_medio_mensal"": 16000.0, ""valor_total"": 96000.0}";true
V00206;PJ:90100011000136;PF:90000002461;TRANSFERIU_PARA;SIM;;90;0;0;65;202501;202506;2026-06-30;ECO_FLUXO_RECORRENTE;mv_movimentacoes.csv;"cpf_cnpj_origem;cpf_cnpj_destino;competencia_inicial;competencia_final;qtd_movimentacoes;vlr_total_transferido";"{""cobertura_temporal"": 1.0, ""duracao_meses"": 6, ""fluxo_inverso"": 0.0, ""fluxo_recorrente"": true, ""pct_entradas_destino"": 0.7581, ""pct_saidas_origem"": 0.4947, ""qtd_media_mensal"": 4.0, ""valor_medio_mensal"": 15666.67, ""valor_total"": 94000.0}";true
V00207;PJ:90100011000136;PF:90000002461;DEPENDENCIA_FINANCEIRA_CANDIDATA;SIM;;75;0;0;75;202501;202506;2026-06-30;ECO_DEPENDENCIA_CANDIDATA;mv_movimentacoes.csv;"vlr_total_transferido;qtd_competencias;qtd_movimentacoes";"{""cobertura_temporal"": 1.0, ""duracao_meses"": 6, ""fluxo_inverso"": 0.0, ""fluxo_recorrente"": true, ""pct_entradas_destino"": 0.7581, ""pct_saidas_origem"": 0.4947, ""qtd_media_mensal"": 4.0, ""valor_medio_mensal"": 15666.67, ""valor_total"": 94000.0}";true
V00208;PF:00000000000;PJ:90100001000109;TRANSFERIU_PARA;SIM;;90;0;0;20;202501;202502;2026-06-30;ECO_MOVIMENTACAO_ISOLADA;mv_movimentacoes.csv;"cpf_cnpj_origem;cpf_cnpj_destino;competencia_inicial;competencia_final;qtd_movimentacoes;vlr_total_transferido";"{""cobertura_temporal"": 1.0, ""duracao_meses"": 2, ""fluxo_inverso"": 0.0, ""fluxo_recorrente"": false, ""pct_entradas_destino"": 0.0164, ""pct_saidas_origem"": 1.0, ""qtd_media_mensal"": 1.0, ""valor_medio_mensal"": 100.0, ""valor_total"": 200.0}";false
V00209;PF:90000000680;PJ:90100008000112;TRANSFERIU_PARA;SIM;;90;0;0;65;202501;202506;2026-06-30;ECO_FLUXO_RECORRENTE;mv_movimentacoes.csv;"cpf_cnpj_origem;cpf_cnpj_destino;competencia_inicial;competencia_final;qtd_movimentacoes;vlr_total_transferido";"{""cobertura_temporal"": 1.0, ""duracao_meses"": 6, ""fluxo_inverso"": 0.0, ""fluxo_recorrente"": true, ""pct_entradas_destino"": 1.0, ""pct_saidas_origem"": 1.0, ""qtd_media_mensal"": 1.67, ""valor_medio_mensal"": 2500.0, ""valor_total"": 15000.0}";true
V00210;PF:90000000680;PJ:90100008000112;DEPENDENCIA_FINANCEIRA_CANDIDATA;SIM;;75;0;0;75;202501;202506;2026-06-30;ECO_DEPENDENCIA_CANDIDATA;mv_movimentacoes.csv;"vlr_total_transferido;qtd_competencias;qtd_movimentacoes";"{""cobertura_temporal"": 1.0, ""duracao_meses"": 6, ""fluxo_inverso"": 0.0, ""fluxo_recorrente"": true, ""pct_entradas_destino"": 1.0, ""pct_saidas_origem"": 1.0, ""qtd_media_mensal"": 1.67, ""valor_medio_mensal"": 2500.0, ""valor_total"": 15000.0}";true
V00211;PF:90000000175;GE:737:77701;PERTENCE_A_GRUPO_EXISTENTE;SIM;;98;0;0;90;2025-01-01 00:00:00;;2026-06-30 10:00:00;DENODO_PESSOA_GRUPO;denodo_pessoa_grupo.csv;"tipo_pessoa;cpf_cnpj;cod_grupo;nome_grupo;tipo;flg_status;cod_cooperativa";"{""cod_cooperativa"": ""737"", ""cod_grupo"": ""77701"", ""flg_status"": ""ATIVO"", ""nome_grupo"": ""GRUPO ALMEIDA OFICIAL"", ""tipo"": ""GRUPO_ECONOMICO_EXISTENTE""}";false
V00212;PF:90000000256;GE:737:77701;PERTENCE_A_GRUPO_EXISTENTE;SIM;;98;0;0;90;2025-01-01 00:00:00;;2026-06-30 10:00:00;DENODO_PESSOA_GRUPO;denodo_pessoa_grupo.csv;"tipo_pessoa;cpf_cnpj;cod_grupo;nome_grupo;tipo;flg_status;cod_cooperativa";"{""cod_cooperativa"": ""737"", ""cod_grupo"": ""77701"", ""flg_status"": ""ATIVO"", ""nome_grupo"": ""GRUPO ALMEIDA OFICIAL"", ""tipo"": ""GRUPO_ECONOMICO_EXISTENTE""}";false
V00213;PJ:90100001000109;GE:737:77701;PERTENCE_A_GRUPO_EXISTENTE;SIM;;98;0;0;90;2025-01-01 00:00:00;;2026-06-30 10:00:00;DENODO_PESSOA_GRUPO;denodo_pessoa_grupo.csv;"tipo_pessoa;cpf_cnpj;cod_grupo;nome_grupo;tipo;flg_status;cod_cooperativa";"{""cod_cooperativa"": ""737"", ""cod_grupo"": ""77701"", ""flg_status"": ""ATIVO"", ""nome_grupo"": ""GRUPO ALMEIDA OFICIAL"", ""tipo"": ""GRUPO_ECONOMICO_EXISTENTE""}";false
V00214;PF:90000000175;GE:737:88802;PERTENCE_A_GRUPO_EXISTENTE;SIM;;98;0;0;90;2025-01-01 00:00:00;;2026-06-30 10:00:00;DENODO_PESSOA_GRUPO;denodo_pessoa_grupo.csv;"tipo_pessoa;cpf_cnpj;cod_grupo;nome_grupo;tipo;flg_status;cod_cooperativa";"{""cod_cooperativa"": ""737"", ""cod_grupo"": ""88802"", ""flg_status"": ""ATIVO"", ""nome_grupo"": ""GRUPO HOLDING E SERVICOS"", ""tipo"": ""GRUPO_ECONOMICO_EXISTENTE""}";false
V00215;PJ:90100001000109;GE:737:88802;PERTENCE_A_GRUPO_EXISTENTE;SIM;;98;0;0;90;2025-01-01 00:00:00;;2026-06-30 10:00:00;DENODO_PESSOA_GRUPO;denodo_pessoa_grupo.csv;"tipo_pessoa;cpf_cnpj;cod_grupo;nome_grupo;tipo;flg_status;cod_cooperativa";"{""cod_cooperativa"": ""737"", ""cod_grupo"": ""88802"", ""flg_status"": ""ATIVO"", ""nome_grupo"": ""GRUPO HOLDING E SERVICOS"", ""tipo"": ""GRUPO_ECONOMICO_EXISTENTE""}";false
V00216;PJ:90100002000145;GE:737:88802;PERTENCE_A_GRUPO_EXISTENTE;SIM;;98;0;0;90;2025-01-01 00:00:00;;2026-06-30 10:00:00;DENODO_PESSOA_GRUPO;denodo_pessoa_grupo.csv;"tipo_pessoa;cpf_cnpj;cod_grupo;nome_grupo;tipo;flg_status;cod_cooperativa";"{""cod_cooperativa"": ""737"", ""cod_grupo"": ""88802"", ""flg_status"": ""ATIVO"", ""nome_grupo"": ""GRUPO HOLDING E SERVICOS"", ""tipo"": ""GRUPO_ECONOMICO_EXISTENTE""}";false
V00217;PF:90000000256;GE:737:77704;PERTENCE_A_GRUPO_EXISTENTE;SIM;;98;0;0;90;2025-01-01 00:00:00;;2026-06-30 10:00:00;DENODO_PESSOA_GRUPO;denodo_pessoa_grupo.csv;"tipo_pessoa;cpf_cnpj;cod_grupo;nome_grupo;tipo;flg_status;cod_cooperativa";"{""cod_cooperativa"": ""737"", ""cod_grupo"": ""77704"", ""flg_status"": ""ATIVO"", ""nome_grupo"": ""GRUPO FAMILIAR ALMEIDA EXPANSAO"", ""tipo"": ""GRUPO_ECONOMICO_EXISTENTE""}";false
V00218;PF:90000000680;GE:737:77704;PERTENCE_A_GRUPO_EXISTENTE;SIM;;98;0;0;90;2025-01-01 00:00:00;;2026-06-30 10:00:00;DENODO_PESSOA_GRUPO;denodo_pessoa_grupo.csv;"tipo_pessoa;cpf_cnpj;cod_grupo;nome_grupo;tipo;flg_status;cod_cooperativa";"{""cod_cooperativa"": ""737"", ""cod_grupo"": ""77704"", ""flg_status"": ""ATIVO"", ""nome_grupo"": ""GRUPO FAMILIAR ALMEIDA EXPANSAO"", ""tipo"": ""GRUPO_ECONOMICO_EXISTENTE""}";false
V00219;PJ:90100008000112;GE:737:77704;PERTENCE_A_GRUPO_EXISTENTE;SIM;;98;0;0;90;2025-01-01 00:00:00;;2026-06-30 10:00:00;DENODO_PESSOA_GRUPO;denodo_pessoa_grupo.csv;"tipo_pessoa;cpf_cnpj;cod_grupo;nome_grupo;tipo;flg_status;cod_cooperativa";"{""cod_cooperativa"": ""737"", ""cod_grupo"": ""77704"", ""flg_status"": ""ATIVO"", ""nome_grupo"": ""GRUPO FAMILIAR ALMEIDA EXPANSAO"", ""tipo"": ""GRUPO_ECONOMICO_EXISTENTE""}";false
V00220;PF:90000000841;GE:321:99903;PERTENCE_A_GRUPO_EXISTENTE;SIM;;98;0;0;90;2025-01-01 00:00:00;;2026-06-30 10:00:00;DENODO_PESSOA_GRUPO;denodo_pessoa_grupo.csv;"tipo_pessoa;cpf_cnpj;cod_grupo;nome_grupo;tipo;flg_status;cod_cooperativa";"{""cod_cooperativa"": ""321"", ""cod_grupo"": ""99903"", ""flg_status"": ""ATIVO"", ""nome_grupo"": ""GRUPO INVESTIDOR PARCEIRO"", ""tipo"": ""GRUPO_ECONOMICO_EXISTENTE""}";false
V00221;PJ:90100003000190;GE:321:99903;PERTENCE_A_GRUPO_EXISTENTE;SIM;;98;0;0;90;2025-01-01 00:00:00;;2026-06-30 10:00:00;DENODO_PESSOA_GRUPO;denodo_pessoa_grupo.csv;"tipo_pessoa;cpf_cnpj;cod_grupo;nome_grupo;tipo;flg_status;cod_cooperativa";"{""cod_cooperativa"": ""321"", ""cod_grupo"": ""99903"", ""flg_status"": ""ATIVO"", ""nome_grupo"": ""GRUPO INVESTIDOR PARCEIRO"", ""tipo"": ""GRUPO_ECONOMICO_EXISTENTE""}";false
V00222;PF:90000000418;GE:737:55505;PERTENCE_A_GRUPO_EXISTENTE;SIM;;70;0;0;45;2025-01-01 00:00:00;2026-03-01 00:00:00;2026-06-30 10:00:00;DENODO_PESSOA_GRUPO;denodo_pessoa_grupo.csv;"tipo_pessoa;cpf_cnpj;cod_grupo;nome_grupo;tipo;flg_status;cod_cooperativa";"{""cod_cooperativa"": ""737"", ""cod_grupo"": ""55505"", ""flg_status"": ""INATIVO"", ""nome_grupo"": ""GRUPO HISTORICO INATIVO"", ""tipo"": ""GRUPO_ECONOMICO_EXISTENTE""}";true
V00223;PGX:7543508380601d;GE:737:66606;PERTENCE_A_GRUPO_EXISTENTE;SIM;;98;0;0;90;2025-01-01 00:00:00;;2026-06-30 10:00:00;DENODO_PESSOA_GRUPO;denodo_pessoa_grupo.csv;"tipo_pessoa;cpf_cnpj;cod_grupo;nome_grupo;tipo;flg_status;cod_cooperativa";"{""cod_cooperativa"": ""737"", ""cod_grupo"": ""66606"", ""flg_status"": ""ATIVO"", ""nome_grupo"": ""GRUPO DOCUMENTO PENDENTE"", ""tipo"": ""GRUPO_ECONOMICO_EXISTENTE""}";false
V00224;GE:737:77701;GE:737:88802;GRUPO_VINCULADO_POR_PESSOA;NAO;;95;0;0;90;;;2026-06-30;DENODO_PESSOA_GRUPO_MULTIPLOS_GRUPOS;denodo_pessoa_grupo.csv;"cpf_cnpj;cod_grupo;nome_grupo";CARLOS ALMEIDA aparece simultaneamente nos grupos GRUPO ALMEIDA OFICIAL e GRUPO HOLDING E SERVICOS pela carga pessoa_grupo.;false
V00225;GE:737:77701;GE:737:77704;GRUPO_VINCULADO_POR_PESSOA;NAO;;95;0;0;90;;;2026-06-30;DENODO_PESSOA_GRUPO_MULTIPLOS_GRUPOS;denodo_pessoa_grupo.csv;"cpf_cnpj;cod_grupo;nome_grupo";MARIA SOUZA ALMEIDA aparece simultaneamente nos grupos GRUPO ALMEIDA OFICIAL e GRUPO FAMILIAR ALMEIDA EXPANSAO pela carga pessoa_grupo.;false
V00226;GE:737:77701;GE:737:88802;GRUPO_VINCULADO_POR_PESSOA;NAO;;95;0;0;90;;;2026-06-30;DENODO_PESSOA_GRUPO_MULTIPLOS_GRUPOS;denodo_pessoa_grupo.csv;"cpf_cnpj;cod_grupo;nome_grupo";ALMEIDA HOLDING LTDA aparece simultaneamente nos grupos GRUPO ALMEIDA OFICIAL e GRUPO HOLDING E SERVICOS pela carga pessoa_grupo.;false
